PROYECTO;ETAPA;MANZANA;LOTE;AREA_m2;PRECIO_CONTADO_SOLES;PRECIO_CONTADO_DOLARES;PRECIO_CONTADO_DSCTO;12_MESES_SOLES;24_MESES_SOLES;12_MESES_DOLARES;24_MESES_DOLARES
OASIS 1 (HUACHO 1);1;A;1;96,37;17000,00;0,00;0,00;18650,00;20300,00;0,00;0,00
OASIS 1 (HUACHO 1);1;A;2;130;17000,00;0,00;0,00;18650,00;20300,00;0,00;0,00
OASIS 1 (HUACHO 1);1;A;3;130;17000,00;0,00;0,00;18650,00;20300,00;0,00;0,00
OASIS 1 (HUACHO 1);1;A;4;130;17000,00;0,00;0,00;18650,00;20300,00;0,00;0,00
OASIS 1 (HUACHO 1);1;A;5;130;17000,00;0,00;0,00;18650,00;20300,00;0,00;0,00
OASIS 1 (HUACHO 1);1;A;6;130;17000,00;0,00;0,00;18650,00;20300,00;0,00;0,00
OASIS 1 (HUACHO 1);1;A;7;130;17000,00;0,00;0,00;18650,00;20300,00;0,00;0,00
OASIS 1 (HUACHO 1);1;A;8;130;17000,00;0,00;0,00;18650,00;20300,00;0,00;0,00
OASIS 1 (HUACHO 1);1;A;9;130;17000,00;0,00;0,00;18650,00;20300,00;0,00;0,00
OASIS 1 (HUACHO 1);1;A;10;130;17000,00;0,00;0,00;18650,00;20300,00;0,00;0,00
OASIS 1 (HUACHO 1);1;A;11;130;17000,00;0,00;0,00;18650,00;20300,00;0,00;0,00
OASIS 1 (HUACHO 1);1;A;12;130;17000,00;0,00;0,00;18650,00;20300,00;0,00;0,00
OASIS 1 (HUACHO 1);1;A;13;130;17000,00;0,00;0,00;18650,00;20300,00;0,00;0,00
OASIS 1 (HUACHO 1);2;A;14;130;17000,00;0,00;0,00;18650,00;20300,00;0,00;0,00
OASIS 1 (HUACHO 1);2;A;15;130;17000,00;0,00;0,00;18650,00;20300,00;0,00;0,00
OASIS 1 (HUACHO 1);2;A;16;130;17000,00;0,00;0,00;18650,00;20300,00;0,00;0,00
OASIS 1 (HUACHO 1);2;A;17;130;17000,00;0,00;0,00;18650,00;20300,00;0,00;0,00
OASIS 1 (HUACHO 1);2;A;18;130;17000,00;0,00;0,00;18650,00;20300,00;0,00;0,00
OASIS 1 (HUACHO 1);2;A;19;130;17000,00;0,00;0,00;18650,00;20300,00;0,00;0,00
OASIS 1 (HUACHO 1);2;A;20;130;17000,00;0,00;0,00;18650,00;20300,00;0,00;0,00
OASIS 1 (HUACHO 1);2;A;21;130;17000,00;0,00;0,00;18650,00;20300,00;0,00;0,00
OASIS 1 (HUACHO 1);2;A;22;130;17000,00;0,00;0,00;18650,00;20300,00;0,00;0,00
OASIS 1 (HUACHO 1);2;A;23;130;17000,00;0,00;0,00;18650,00;20300,00;0,00;0,00
OASIS 1 (HUACHO 1);2;A;24;130;17000,00;0,00;0,00;18650,00;20300,00;0,00;0,00
OASIS 1 (HUACHO 1);2;A;25;130;17000,00;0,00;0,00;18650,00;20300,00;0,00;0,00
OASIS 1 (HUACHO 1);2;A;26;130;17000,00;0,00;0,00;18650,00;20300,00;0,00;0,00
OASIS 1 (HUACHO 1);2;A;27;130;17000,00;0,00;0,00;18650,00;20300,00;0,00;0,00
OASIS 1 (HUACHO 1);2;A;28;130;17000,00;0,00;0,00;18650,00;20300,00;0,00;0,00
OASIS 1 (HUACHO 1);3;A;29;130;17000,00;0,00;0,00;18650,00;20300,00;0,00;0,00
OASIS 1 (HUACHO 1);3;A;30;130;17000,00;0,00;0,00;18650,00;20300,00;0,00;0,00
OASIS 1 (HUACHO 1);3;A;31;130;17000,00;0,00;0,00;18650,00;20300,00;0,00;0,00
OASIS 1 (HUACHO 1);3;A;32;130;17000,00;0,00;0,00;18650,00;20300,00;0,00;0,00
OASIS 1 (HUACHO 1);3;A;33;130;17000,00;0,00;0,00;18650,00;20300,00;0,00;0,00
OASIS 1 (HUACHO 1);3;A;34;130;17000,00;0,00;0,00;18650,00;20300,00;0,00;0,00
OASIS 1 (HUACHO 1);3;A;35;130;17000,00;0,00;0,00;18650,00;20300,00;0,00;0,00
OASIS 1 (HUACHO 1);3;A;36;130;17000,00;0,00;0,00;18650,00;20300,00;0,00;0,00
OASIS 1 (HUACHO 1);3;A;37;130;17000,00;0,00;0,00;18650,00;20300,00;0,00;0,00
OASIS 1 (HUACHO 1);3;A;38;130;17000,00;0,00;0,00;18650,00;20300,00;0,00;0,00
OASIS 1 (HUACHO 1);3;A;39;130;17000,00;0,00;0,00;18650,00;20300,00;0,00;0,00
OASIS 1 (HUACHO 1);1;B;1;97,89;11000,00;0,00;0,00;14050,00;15100,00;0,00;0,00
OASIS 1 (HUACHO 1);1;B;2;102,5;13000,00;0,00;0,00;14050,00;15100,00;0,00;0,00
OASIS 1 (HUACHO 1);1;B;3;90;11000,00;0,00;0,00;14050,00;15100,00;0,00;0,00
OASIS 1 (HUACHO 1);1;B;4;90;11000,00;0,00;0,00;14050,00;15100,00;0,00;0,00
OASIS 1 (HUACHO 1);1;B;5;90;11000,00;0,00;0,00;14050,00;15100,00;0,00;0,00
OASIS 1 (HUACHO 1);1;B;6;90;11000,00;0,00;0,00;14050,00;15100,00;0,00;0,00
OASIS 1 (HUACHO 1);1;B;7;90;11000,00;0,00;0,00;14050,00;15100,00;0,00;0,00
OASIS 1 (HUACHO 1);1;B;8;90;11000,00;0,00;0,00;14050,00;15100,00;0,00;0,00
OASIS 1 (HUACHO 1);1;B;9;90;11000,00;0,00;0,00;14050,00;15100,00;0,00;0,00
OASIS 1 (HUACHO 1);1;B;10;90;11000,00;0,00;0,00;14050,00;15100,00;0,00;0,00
OASIS 1 (HUACHO 1);1;B;11;90;11000,00;0,00;0,00;14050,00;15100,00;0,00;0,00
OASIS 1 (HUACHO 1);1;B;12;90;11000,00;0,00;0,00;14050,00;15100,00;0,00;0,00
OASIS 1 (HUACHO 1);1;B;13;90;11000,00;0,00;0,00;14050,00;15100,00;0,00;0,00
OASIS 1 (HUACHO 1);1;B;14;90;11000,00;0,00;0,00;14050,00;15100,00;0,00;0,00
OASIS 1 (HUACHO 1);1;B;15;90;11000,00;0,00;0,00;14050,00;15100,00;0,00;0,00
OASIS 1 (HUACHO 1);1;B;16;90;11000,00;0,00;0,00;14050,00;15100,00;0,00;0,00
OASIS 1 (HUACHO 1);1;B;17;90;11000,00;0,00;0,00;14050,00;15100,00;0,00;0,00
OASIS 1 (HUACHO 1);1;B;18;90;11000,00;0,00;0,00;14050,00;15100,00;0,00;0,00
OASIS 1 (HUACHO 1);1;B;19;90;11000,00;0,00;0,00;14050,00;15100,00;0,00;0,00
OASIS 1 (HUACHO 1);1;B;20;90;11000,00;0,00;0,00;14050,00;15100,00;0,00;0,00
OASIS 1 (HUACHO 1);1;B;21;90;13000,00;0,00;0,00;16350,00;17700,00;0,00;0,00
OASIS 1 (HUACHO 1);1;B;22;90;13000,00;0,00;0,00;16350,00;17700,00;0,00;0,00
OASIS 1 (HUACHO 1);1;B;23;90;13000,00;0,00;0,00;16350,00;17700,00;0,00;0,00
OASIS 1 (HUACHO 1);1;B;24;90;13000,00;0,00;0,00;16350,00;17700,00;0,00;0,00
OASIS 1 (HUACHO 1);1;B;25;90;13000,00;0,00;0,00;16350,00;17700,00;0,00;0,00
OASIS 1 (HUACHO 1);1;B;26;90;13000,00;0,00;0,00;16350,00;17700,00;0,00;0,00
OASIS 1 (HUACHO 1);1;B;27;90;13000,00;0,00;0,00;16350,00;17700,00;0,00;0,00
OASIS 1 (HUACHO 1);1;B;28;90;11000,00;0,00;0,00;14050,00;15100,00;0,00;0,00
OASIS 1 (HUACHO 1);1;B;29;90;11000,00;0,00;0,00;14050,00;15100,00;0,00;0,00
OASIS 1 (HUACHO 1);1;B;30;90;11000,00;0,00;0,00;14050,00;15100,00;0,00;0,00
OASIS 1 (HUACHO 1);1;B;31;90;11000,00;0,00;0,00;14050,00;15100,00;0,00;0,00
OASIS 1 (HUACHO 1);1;B;32;90;11000,00;0,00;0,00;14050,00;15100,00;0,00;0,00
OASIS 1 (HUACHO 1);1;B;33;90;11000,00;0,00;0,00;14050,00;15100,00;0,00;0,00
OASIS 1 (HUACHO 1);1;B;34;90;11000,00;0,00;0,00;14050,00;15100,00;0,00;0,00
OASIS 1 (HUACHO 1);1;B;35;90;11000,00;0,00;0,00;14050,00;15100,00;0,00;0,00
OASIS 1 (HUACHO 1);1;B;36;90;11000,00;0,00;0,00;14050,00;15100,00;0,00;0,00
OASIS 1 (HUACHO 1);1;B;37;90;11000,00;0,00;0,00;14050,00;15100,00;0,00;0,00
OASIS 1 (HUACHO 1);1;B;38;90;11000,00;0,00;0,00;14050,00;15100,00;0,00;0,00
OASIS 1 (HUACHO 1);1;B;39;90;11000,00;0,00;0,00;14050,00;15100,00;0,00;0,00
OASIS 1 (HUACHO 1);1;B;40;90;11000,00;0,00;0,00;14050,00;15100,00;0,00;0,00
OASIS 1 (HUACHO 1);1;B;41;90;11000,00;0,00;0,00;14050,00;15100,00;0,00;0,00
OASIS 1 (HUACHO 1);1;B;42;90;11000,00;0,00;0,00;14050,00;15100,00;0,00;0,00
OASIS 1 (HUACHO 1);1;B;43;90;11000,00;0,00;0,00;14050,00;15100,00;0,00;0,00
OASIS 1 (HUACHO 1);1;B;44;90;11000,00;0,00;0,00;14050,00;15100,00;0,00;0,00
OASIS 1 (HUACHO 1);1;B;45;90;11000,00;0,00;0,00;14050,00;15100,00;0,00;0,00
OASIS 1 (HUACHO 1);1;B;46;90;11000,00;0,00;0,00;14050,00;15100,00;0,00;0,00
OASIS 1 (HUACHO 1);1;B;47;90;11000,00;0,00;0,00;14050,00;15100,00;0,00;0,00
OASIS 1 (HUACHO 1);1;B;48;90;11000,00;0,00;0,00;14050,00;15100,00;0,00;0,00
OASIS 1 (HUACHO 1);1;B;49;120;11000,00;0,00;0,00;14050,00;15100,00;0,00;0,00
OASIS 1 (HUACHO 1);1;C;1;100,89;12000,00;0,00;0,00;13050,00;14100,00;0,00;0,00
OASIS 1 (HUACHO 1);1;C;2;90;12000,00;0,00;0,00;13050,00;14100,00;0,00;0,00
OASIS 1 (HUACHO 1);1;C;3;90;12000,00;0,00;0,00;13050,00;14100,00;0,00;0,00
OASIS 1 (HUACHO 1);1;C;4;90;12000,00;0,00;0,00;13050,00;14100,00;0,00;0,00
OASIS 1 (HUACHO 1);1;C;5;90;12000,00;0,00;0,00;13050,00;14100,00;0,00;0,00
OASIS 1 (HUACHO 1);1;C;6;90;12000,00;0,00;0,00;13050,00;14100,00;0,00;0,00
OASIS 1 (HUACHO 1);1;C;7;90;12000,00;0,00;0,00;13050,00;14100,00;0,00;0,00
OASIS 1 (HUACHO 1);1;C;8;90;12000,00;0,00;0,00;13050,00;14100,00;0,00;0,00
OASIS 1 (HUACHO 1);1;C;9;90;12000,00;0,00;0,00;13050,00;14100,00;0,00;0,00
OASIS 1 (HUACHO 1);1;C;10;90;12000,00;0,00;0,00;13050,00;14100,00;0,00;0,00
OASIS 1 (HUACHO 1);1;C;11;90;12000,00;0,00;0,00;13050,00;14100,00;0,00;0,00
OASIS 1 (HUACHO 1);1;C;12;90;12000,00;0,00;0,00;13050,00;14100,00;0,00;0,00
OASIS 1 (HUACHO 1);1;C;13;90;15000,00;0,00;0,00;16350,00;17700,00;0,00;0,00
OASIS 1 (HUACHO 1);2;C;14;90;15000,00;0,00;0,00;16350,00;17700,00;0,00;0,00
OASIS 1 (HUACHO 1);2;C;15;90;15000,00;0,00;0,00;16350,00;17700,00;0,00;0,00
OASIS 1 (HUACHO 1);2;C;16;90;15000,00;0,00;0,00;16350,00;17700,00;0,00;0,00
OASIS 1 (HUACHO 1);2;C;17;90;15000,00;0,00;0,00;16350,00;17700,00;0,00;0,00
OASIS 1 (HUACHO 1);2;C;18;90;15000,00;0,00;0,00;16350,00;17700,00;0,00;0,00
OASIS 1 (HUACHO 1);2;C;19;90;15000,00;0,00;0,00;16350,00;17700,00;0,00;0,00
OASIS 1 (HUACHO 1);2;C;20;90;15000,00;0,00;0,00;16350,00;17700,00;0,00;0,00
OASIS 1 (HUACHO 1);2;C;21;90;15000,00;0,00;0,00;16350,00;17700,00;0,00;0,00
OASIS 1 (HUACHO 1);2;C;22;90;15000,00;0,00;0,00;16350,00;17700,00;0,00;0,00
OASIS 1 (HUACHO 1);2;C;23;90;15000,00;0,00;0,00;16350,00;17700,00;0,00;0,00
OASIS 1 (HUACHO 1);2;C;24;90;15000,00;0,00;0,00;16350,00;17700,00;0,00;0,00
OASIS 1 (HUACHO 1);2;C;25;90;15000,00;0,00;0,00;16350,00;17700,00;0,00;0,00
OASIS 1 (HUACHO 1);2;C;26;90;15000,00;0,00;0,00;16350,00;17700,00;0,00;0,00
OASIS 1 (HUACHO 1);2;C;27;90;15000,00;0,00;0,00;16350,00;17700,00;0,00;0,00
OASIS 1 (HUACHO 1);2;C;28;90;15000,00;0,00;0,00;16350,00;17700,00;0,00;0,00
OASIS 1 (HUACHO 1);2;C;29;90;15000,00;0,00;0,00;16350,00;17700,00;0,00;0,00
OASIS 1 (HUACHO 1);2;C;30;90;15000,00;0,00;0,00;16350,00;17700,00;0,00;0,00
OASIS 1 (HUACHO 1);2;C;31;90;15000,00;0,00;0,00;16350,00;17700,00;0,00;0,00
OASIS 1 (HUACHO 1);3;C;32;90;15000,00;0,00;0,00;16350,00;17700,00;0,00;0,00
OASIS 1 (HUACHO 1);3;C;33;90;13000,00;0,00;0,00;14050,00;15100,00;0,00;0,00
OASIS 1 (HUACHO 1);3;C;34;90;13000,00;0,00;0,00;14050,00;15100,00;0,00;0,00
OASIS 1 (HUACHO 1);3;C;35;90;13000,00;0,00;0,00;14050,00;15100,00;0,00;0,00
OASIS 1 (HUACHO 1);3;C;36;90;12000,00;0,00;0,00;13050,00;14100,00;0,00;0,00
OASIS 1 (HUACHO 1);3;C;37;90;12000,00;0,00;0,00;13050,00;14100,00;0,00;0,00
OASIS 1 (HUACHO 1);3;C;38;90;12000,00;0,00;0,00;13050,00;14100,00;0,00;0,00
OASIS 1 (HUACHO 1);3;C;39;90;12000,00;0,00;0,00;13050,00;14100,00;0,00;0,00
OASIS 1 (HUACHO 1);3;C;40;90;12000,00;0,00;0,00;13050,00;14100,00;0,00;0,00
OASIS 1 (HUACHO 1);3;C;41;90;12000,00;0,00;0,00;13050,00;14100,00;0,00;0,00
OASIS 1 (HUACHO 1);3;C;42;90;12000,00;0,00;0,00;13050,00;14100,00;0,00;0,00
OASIS 1 (HUACHO 1);3;C;43;90;12000,00;0,00;0,00;13050,00;14100,00;0,00;0,00
OASIS 1 (HUACHO 1);3;C;44;90;12000,00;0,00;0,00;13050,00;14100,00;0,00;0,00
OASIS 1 (HUACHO 1);1;D;1;120;17000,00;0,00;0,00;18650,00;20300,00;0,00;0,00
OASIS 1 (HUACHO 1);1;D;2;120;16000,00;0,00;0,00;17500,00;19000,00;0,00;0,00
OASIS 1 (HUACHO 1);1;D;3;120;16000,00;0,00;0,00;17500,00;19000,00;0,00;0,00
OASIS 1 (HUACHO 1);1;D;4;120;17000,00;0,00;0,00;18650,00;20300,00;0,00;0,00
OASIS 1 (HUACHO 1);1;D;5;120;15000,00;0,00;0,00;16350,00;17700,00;0,00;0,00
OASIS 1 (HUACHO 1);1;D;6;120;15000,00;0,00;0,00;16350,00;17700,00;0,00;0,00
OASIS 1 (HUACHO 1);1;D;7;120;15000,00;0,00;0,00;16350,00;17700,00;0,00;0,00
OASIS 1 (HUACHO 1);1;D;8;120;15000,00;0,00;0,00;16350,00;17700,00;0,00;0,00
OASIS 1 (HUACHO 1);1;D;9;120;15000,00;0,00;0,00;16350,00;17700,00;0,00;0,00
OASIS 1 (HUACHO 1);1;D;10;120;15000,00;0,00;0,00;16350,00;17700,00;0,00;0,00
OASIS 1 (HUACHO 1);1;D;11;120;15000,00;0,00;0,00;16350,00;17700,00;0,00;0,00
OASIS 1 (HUACHO 1);1;D;12;120;15000,00;0,00;0,00;16350,00;17700,00;0,00;0,00
OASIS 1 (HUACHO 1);1;D;13;120;15000,00;0,00;0,00;16350,00;17700,00;0,00;0,00
OASIS 1 (HUACHO 1);1;D;14;120;15000,00;0,00;0,00;16350,00;17700,00;0,00;0,00
OASIS 1 (HUACHO 1);1;D;15;120;16000,00;0,00;0,00;17500,00;19000,00;0,00;0,00
OASIS 1 (HUACHO 1);1;D;16;120;15000,00;0,00;0,00;16350,00;17700,00;0,00;0,00
OASIS 1 (HUACHO 1);1;D;17;120;15000,00;0,00;0,00;16350,00;17700,00;0,00;0,00
OASIS 1 (HUACHO 1);1;D;18;120;16000,00;0,00;0,00;17500,00;19000,00;0,00;0,00
OASIS 1 (HUACHO 1);1;D;19;120;15000,00;0,00;0,00;16350,00;17700,00;0,00;0,00
OASIS 1 (HUACHO 1);1;D;20;120;15000,00;0,00;0,00;16350,00;17700,00;0,00;0,00
OASIS 1 (HUACHO 1);1;D;21;120;15000,00;0,00;0,00;16350,00;17700,00;0,00;0,00
OASIS 1 (HUACHO 1);1;D;22;120;15000,00;0,00;0,00;16350,00;17700,00;0,00;0,00
OASIS 1 (HUACHO 1);1;D;23;120;15000,00;0,00;0,00;16350,00;17700,00;0,00;0,00
OASIS 1 (HUACHO 1);1;D;24;120;15000,00;0,00;0,00;16350,00;17700,00;0,00;0,00
OASIS 1 (HUACHO 1);1;D;25;120;15000,00;0,00;0,00;16350,00;17700,00;0,00;0,00
OASIS 1 (HUACHO 1);1;D;26;120;15000,00;0,00;0,00;16350,00;17700,00;0,00;0,00
OASIS 1 (HUACHO 1);1;D;27;120;15000,00;0,00;0,00;16350,00;17700,00;0,00;0,00
OASIS 1 (HUACHO 1);1;D;28;120;15000,00;0,00;0,00;16350,00;17700,00;0,00;0,00
OASIS 1 (HUACHO 1);1;E;1;120;16000,00;0,00;0,00;17500,00;19000,00;0,00;0,00
OASIS 1 (HUACHO 1);1;E;2;120;15000,00;0,00;0,00;16350,00;17700,00;0,00;0,00
OASIS 1 (HUACHO 1);1;E;3;120;15000,00;0,00;0,00;16350,00;17700,00;0,00;0,00
OASIS 1 (HUACHO 1);1;E;4;119,44;16000,00;0,00;0,00;17500,00;19000,00;0,00;0,00
OASIS 1 (HUACHO 1);1;E;5;120;15000,00;0,00;0,00;16350,00;17700,00;0,00;0,00
OASIS 1 (HUACHO 1);1;E;6;120;15000,00;0,00;0,00;16350,00;17700,00;0,00;0,00
OASIS 1 (HUACHO 1);1;E;7;120;15000,00;0,00;0,00;16350,00;17700,00;0,00;0,00
OASIS 1 (HUACHO 1);1;E;8;120;15000,00;0,00;0,00;16350,00;17700,00;0,00;0,00
OASIS 1 (HUACHO 1);1;E;9;120;15000,00;0,00;0,00;16350,00;17700,00;0,00;0,00
OASIS 1 (HUACHO 1);1;E;10;120;15000,00;0,00;0,00;16350,00;17700,00;0,00;0,00
OASIS 1 (HUACHO 1);1;E;11;120;15000,00;0,00;0,00;16350,00;17700,00;0,00;0,00
OASIS 1 (HUACHO 1);1;E;12;120;15000,00;0,00;0,00;16350,00;17700,00;0,00;0,00
OASIS 1 (HUACHO 1);1;E;13;120;15000,00;0,00;0,00;16350,00;17700,00;0,00;0,00
OASIS 1 (HUACHO 1);1;E;14;120;15000,00;0,00;0,00;16350,00;17700,00;0,00;0,00
OASIS 1 (HUACHO 1);1;E;15;120;17000,00;0,00;0,00;18650,00;20300,00;0,00;0,00
OASIS 1 (HUACHO 1);1;E;16;120;16000,00;0,00;0,00;17500,00;19000,00;0,00;0,00
OASIS 1 (HUACHO 1);1;E;17;120;16000,00;0,00;0,00;17500,00;19000,00;0,00;0,00
OASIS 1 (HUACHO 1);1;E;18;120;17000,00;0,00;0,00;18650,00;20300,00;0,00;0,00
OASIS 1 (HUACHO 1);1;E;19;120;15000,00;0,00;0,00;16350,00;17700,00;0,00;0,00
OASIS 1 (HUACHO 1);1;E;20;120;15000,00;0,00;0,00;16350,00;17700,00;0,00;0,00
OASIS 1 (HUACHO 1);1;E;21;120;15000,00;0,00;0,00;16350,00;17700,00;0,00;0,00
OASIS 1 (HUACHO 1);1;E;22;120;15000,00;0,00;0,00;16350,00;17700,00;0,00;0,00
OASIS 1 (HUACHO 1);1;E;23;120;15000,00;0,00;0,00;16350,00;17700,00;0,00;0,00
OASIS 1 (HUACHO 1);1;E;24;120;15000,00;0,00;0,00;16350,00;17700,00;0,00;0,00
OASIS 1 (HUACHO 1);1;E;25;120;15000,00;0,00;0,00;16350,00;17700,00;0,00;0,00
OASIS 1 (HUACHO 1);1;E;26;120;15000,00;0,00;0,00;16350,00;17700,00;0,00;0,00
OASIS 1 (HUACHO 1);1;E;27;120;15000,00;0,00;0,00;16350,00;17700,00;0,00;0,00
OASIS 1 (HUACHO 1);1;E;28;120;15000,00;0,00;0,00;16350,00;17700,00;0,00;0,00
OASIS 1 (HUACHO 1);1;F;1;120;16000,00;0,00;0,00;17500,00;19000,00;0,00;0,00
OASIS 1 (HUACHO 1);1;F;2;120;15000,00;0,00;0,00;16350,00;17700,00;0,00;0,00
OASIS 1 (HUACHO 1);1;F;3;120;15000,00;0,00;0,00;16350,00;17700,00;0,00;0,00
OASIS 1 (HUACHO 1);1;F;4;120;16000,00;0,00;0,00;17500,00;19000,00;0,00;0,00
OASIS 1 (HUACHO 1);1;F;5;120;15000,00;0,00;0,00;16350,00;17700,00;0,00;0,00
OASIS 1 (HUACHO 1);1;F;6;120;15000,00;0,00;0,00;16350,00;17700,00;0,00;0,00
OASIS 1 (HUACHO 1);1;F;7;120;16000,00;0,00;0,00;17500,00;19000,00;0,00;0,00
OASIS 1 (HUACHO 1);1;F;8;120;16000,00;0,00;0,00;17500,00;19000,00;0,00;0,00
OASIS 1 (HUACHO 1);1;F;9;120;16000,00;0,00;0,00;17500,00;19000,00;0,00;0,00
OASIS 1 (HUACHO 1);1;F;10;120;16000,00;0,00;0,00;17500,00;19000,00;0,00;0,00
OASIS 1 (HUACHO 1);1;F;11;120;16000,00;0,00;0,00;17500,00;19000,00;0,00;0,00
OASIS 1 (HUACHO 1);1;F;12;120;16000,00;0,00;0,00;17500,00;19000,00;0,00;0,00
OASIS 1 (HUACHO 1);1;F;13;120;16000,00;0,00;0,00;17500,00;19000,00;0,00;0,00
OASIS 1 (HUACHO 1);1;F;14;120;15000,00;0,00;0,00;16350,00;17700,00;0,00;0,00
OASIS 1 (HUACHO 1);1;F;15;120;17000,00;0,00;0,00;18650,00;20300,00;0,00;0,00
OASIS 1 (HUACHO 1);1;F;16;120;16000,00;0,00;0,00;17500,00;19000,00;0,00;0,00
OASIS 1 (HUACHO 1);1;F;17;120;16000,00;0,00;0,00;17500,00;19000,00;0,00;0,00
OASIS 1 (HUACHO 1);1;F;18;120;17000,00;0,00;0,00;18650,00;20300,00;0,00;0,00
OASIS 1 (HUACHO 1);1;F;19;120;15000,00;0,00;0,00;16350,00;17700,00;0,00;0,00
OASIS 1 (HUACHO 1);1;F;20;120;15000,00;0,00;0,00;16350,00;17700,00;0,00;0,00
OASIS 1 (HUACHO 1);1;F;21;120;15000,00;0,00;0,00;16350,00;17700,00;0,00;0,00
OASIS 1 (HUACHO 1);1;F;22;120;15000,00;0,00;0,00;16350,00;17700,00;0,00;0,00
OASIS 1 (HUACHO 1);1;F;23;120;15000,00;0,00;0,00;16350,00;17700,00;0,00;0,00
OASIS 1 (HUACHO 1);1;F;24;120;15000,00;0,00;0,00;16350,00;17700,00;0,00;0,00
OASIS 1 (HUACHO 1);1;F;25;120;15000,00;0,00;0,00;16350,00;17700,00;0,00;0,00
OASIS 1 (HUACHO 1);1;F;26;120;15000,00;0,00;0,00;16350,00;17700,00;0,00;0,00
OASIS 1 (HUACHO 1);1;F;27;120;15000,00;0,00;0,00;16350,00;17700,00;0,00;0,00
OASIS 1 (HUACHO 1);1;F;28;120;15000,00;0,00;0,00;16350,00;17700,00;0,00;0,00
OASIS 1 (HUACHO 1);1;G;1;120;16000,00;0,00;0,00;17500,00;19000,00;0,00;0,00
OASIS 1 (HUACHO 1);1;G;2;120;15000,00;0,00;0,00;16350,00;17700,00;0,00;0,00
OASIS 1 (HUACHO 1);1;G;3;120;15000,00;0,00;0,00;16350,00;17700,00;0,00;0,00
OASIS 1 (HUACHO 1);1;G;4;120;16000,00;0,00;0,00;17500,00;19000,00;0,00;0,00
OASIS 1 (HUACHO 1);1;G;5;120;15000,00;0,00;0,00;16350,00;17700,00;0,00;0,00
OASIS 1 (HUACHO 1);1;G;6;120;15000,00;0,00;0,00;16350,00;17700,00;0,00;0,00
OASIS 1 (HUACHO 1);1;G;7;120;15000,00;0,00;0,00;16350,00;17700,00;0,00;0,00
OASIS 1 (HUACHO 1);1;G;8;120;15000,00;0,00;0,00;16350,00;17700,00;0,00;0,00
OASIS 1 (HUACHO 1);1;G;9;120;15000,00;0,00;0,00;16350,00;17700,00;0,00;0,00
OASIS 1 (HUACHO 1);1;G;10;120;15000,00;0,00;0,00;16350,00;17700,00;0,00;0,00
OASIS 1 (HUACHO 1);1;G;11;120;15000,00;0,00;0,00;16350,00;17700,00;0,00;0,00
OASIS 1 (HUACHO 1);1;G;12;120;16000,00;0,00;0,00;17500,00;19000,00;0,00;0,00
OASIS 1 (HUACHO 1);1;G;13;120;16000,00;0,00;0,00;17500,00;19000,00;0,00;0,00
OASIS 1 (HUACHO 1);1;G;14;120;16000,00;0,00;0,00;17500,00;19000,00;0,00;0,00
OASIS 1 (HUACHO 1);1;G;15;120;17000,00;0,00;0,00;18650,00;20300,00;0,00;0,00
OASIS 1 (HUACHO 1);1;G;16;120;15000,00;0,00;0,00;16350,00;17700,00;0,00;0,00
OASIS 1 (HUACHO 1);1;G;17;120;15000,00;0,00;0,00;16350,00;17700,00;0,00;0,00
OASIS 1 (HUACHO 1);1;G;18;120;16000,00;0,00;0,00;17500,00;19000,00;0,00;0,00
OASIS 1 (HUACHO 1);1;G;19;120;15000,00;0,00;0,00;16350,00;17700,00;0,00;0,00
OASIS 1 (HUACHO 1);1;G;20;120;15000,00;0,00;0,00;16350,00;17700,00;0,00;0,00
OASIS 1 (HUACHO 1);1;G;21;120;15000,00;0,00;0,00;16350,00;17700,00;0,00;0,00
OASIS 1 (HUACHO 1);1;G;22;120;15000,00;0,00;0,00;16350,00;17700,00;0,00;0,00
OASIS 1 (HUACHO 1);1;G;23;120;15000,00;0,00;0,00;16350,00;17700,00;0,00;0,00
OASIS 1 (HUACHO 1);1;G;24;120;15000,00;0,00;0,00;16350,00;17700,00;0,00;0,00
OASIS 1 (HUACHO 1);1;G;25;120;15000,00;0,00;0,00;16350,00;17700,00;0,00;0,00
OASIS 1 (HUACHO 1);1;G;26;120;15000,00;0,00;0,00;16350,00;17700,00;0,00;0,00
OASIS 1 (HUACHO 1);1;G;27;120;15000,00;0,00;0,00;16350,00;17700,00;0,00;0,00
OASIS 1 (HUACHO 1);1;G;28;120;15000,00;0,00;0,00;16350,00;17700,00;0,00;0,00
OASIS 1 (HUACHO 1);2;H;1;133,22;16000,00;0,00;0,00;17500,00;19000,00;0,00;0,00
OASIS 1 (HUACHO 1);2;H;2;120;15000,00;0,00;0,00;16350,00;17700,00;0,00;0,00
OASIS 1 (HUACHO 1);2;H;3;120;15000,00;0,00;0,00;16350,00;17700,00;0,00;0,00
OASIS 1 (HUACHO 1);2;H;4;120;15000,00;0,00;0,00;16350,00;17700,00;0,00;0,00
OASIS 1 (HUACHO 1);2;H;5;120;15000,00;0,00;0,00;16350,00;17700,00;0,00;0,00
OASIS 1 (HUACHO 1);2;H;6;120;15000,00;0,00;0,00;16350,00;17700,00;0,00;0,00
OASIS 1 (HUACHO 1);2;H;7;120;15000,00;0,00;0,00;16350,00;17700,00;0,00;0,00
OASIS 1 (HUACHO 1);2;H;8;120;15000,00;0,00;0,00;16350,00;17700,00;0,00;0,00
OASIS 1 (HUACHO 1);2;H;9;120;15000,00;0,00;0,00;16350,00;17700,00;0,00;0,00
OASIS 1 (HUACHO 1);2;H;10;120;15000,00;0,00;0,00;16350,00;17700,00;0,00;0,00
OASIS 1 (HUACHO 1);2;H;11;120;15000,00;0,00;0,00;16350,00;17700,00;0,00;0,00
OASIS 1 (HUACHO 1);2;H;12;120;15000,00;0,00;0,00;16350,00;17700,00;0,00;0,00
OASIS 1 (HUACHO 1);2;H;13;120;16000,00;0,00;0,00;17500,00;19000,00;0,00;0,00
OASIS 1 (HUACHO 1);2;H;14;119,44;17000,00;0,00;0,00;18650,00;20300,00;0,00;0,00
OASIS 1 (HUACHO 1);2;H;15;120;16000,00;0,00;0,00;17500,00;19000,00;0,00;0,00
OASIS 1 (HUACHO 1);2;H;16;120;16000,00;0,00;0,00;17500,00;19000,00;0,00;0,00
OASIS 1 (HUACHO 1);2;H;17;120;16000,00;0,00;0,00;17500,00;19000,00;0,00;0,00
OASIS 1 (HUACHO 1);2;H;18;120;16000,00;0,00;0,00;17500,00;19000,00;0,00;0,00
OASIS 1 (HUACHO 1);2;H;19;120;16000,00;0,00;0,00;17500,00;19000,00;0,00;0,00
OASIS 1 (HUACHO 1);2;H;20;120;16000,00;0,00;0,00;17500,00;19000,00;0,00;0,00
OASIS 1 (HUACHO 1);2;H;21;120;16000,00;0,00;0,00;17500,00;19000,00;0,00;0,00
OASIS 1 (HUACHO 1);2;H;22;120;16000,00;0,00;0,00;17500,00;19000,00;0,00;0,00
OASIS 1 (HUACHO 1);2;H;23;120;16000,00;0,00;0,00;17500,00;19000,00;0,00;0,00
OASIS 1 (HUACHO 1);2;H;24;120;16000,00;0,00;0,00;17500,00;19000,00;0,00;0,00
OASIS 1 (HUACHO 1);2;H;25;120;16000,00;0,00;0,00;17500,00;19000,00;0,00;0,00
OASIS 1 (HUACHO 1);2;H;26;132,66;17000,00;0,00;0,00;18650,00;20300,00;0,00;0,00
OASIS 1 (HUACHO 1);2;I;1;120;17000,00;0,00;0,00;18650,00;20300,00;0,00;0,00
OASIS 1 (HUACHO 1);2;I;2;120;17000,00;0,00;0,00;18650,00;20300,00;0,00;0,00
OASIS 1 (HUACHO 1);2;I;3;120;15000,00;0,00;0,00;16350,00;17700,00;0,00;0,00
OASIS 1 (HUACHO 1);2;I;4;120;15000,00;0,00;0,00;16350,00;17700,00;0,00;0,00
OASIS 1 (HUACHO 1);2;I;5;120;15000,00;0,00;0,00;16350,00;17700,00;0,00;0,00
OASIS 1 (HUACHO 1);2;I;6;120;15000,00;0,00;0,00;16350,00;17700,00;0,00;0,00
OASIS 1 (HUACHO 1);2;I;7;120;15000,00;0,00;0,00;16350,00;17700,00;0,00;0,00
OASIS 1 (HUACHO 1);2;I;8;120;15000,00;0,00;0,00;16350,00;17700,00;0,00;0,00
OASIS 1 (HUACHO 1);2;I;9;120;15000,00;0,00;0,00;16350,00;17700,00;0,00;0,00
OASIS 1 (HUACHO 1);2;I;10;120;15000,00;0,00;0,00;16350,00;17700,00;0,00;0,00
OASIS 1 (HUACHO 1);2;I;11;120;15000,00;0,00;0,00;16350,00;17700,00;0,00;0,00
OASIS 1 (HUACHO 1);2;I;12;120;17000,00;0,00;0,00;18650,00;20300,00;0,00;0,00
OASIS 1 (HUACHO 1);2;I;13;119,44;16000,00;0,00;0,00;17500,00;19000,00;0,00;0,00
OASIS 1 (HUACHO 1);2;I;14;120;15000,00;0,00;0,00;16350,00;17700,00;0,00;0,00
OASIS 1 (HUACHO 1);2;I;15;120;15000,00;0,00;0,00;16350,00;17700,00;0,00;0,00
OASIS 1 (HUACHO 1);2;I;16;120;16000,00;0,00;0,00;17500,00;19000,00;0,00;0,00
OASIS 1 (HUACHO 1);2;I;17;120;16000,00;0,00;0,00;17500,00;19000,00;0,00;0,00
OASIS 1 (HUACHO 1);2;I;18;120;16000,00;0,00;0,00;17500,00;19000,00;0,00;0,00
OASIS 1 (HUACHO 1);2;I;19;120;16000,00;0,00;0,00;17500,00;19000,00;0,00;0,00
OASIS 1 (HUACHO 1);2;I;20;120;16000,00;0,00;0,00;17500,00;19000,00;0,00;0,00
OASIS 1 (HUACHO 1);2;I;21;120;15000,00;0,00;0,00;16350,00;17700,00;0,00;0,00
OASIS 1 (HUACHO 1);2;I;22;120;15000,00;0,00;0,00;16350,00;17700,00;0,00;0,00
OASIS 1 (HUACHO 1);2;J;1;120,15;17000,00;0,00;0,00;18650,00;20300,00;0,00;0,00
OASIS 1 (HUACHO 1);2;J;2;120,15;16000,00;0,00;0,00;17500,00;19000,00;0,00;0,00
OASIS 1 (HUACHO 1);2;J;3;120,15;16000,00;0,00;0,00;17500,00;19000,00;0,00;0,00
OASIS 1 (HUACHO 1);2;J;4;120,15;17000,00;0,00;0,00;18650,00;20300,00;0,00;0,00
OASIS 1 (HUACHO 1);2;J;5;120,15;15000,00;0,00;0,00;16350,00;17700,00;0,00;0,00
OASIS 1 (HUACHO 1);2;J;6;120,15;15000,00;0,00;0,00;16350,00;17700,00;0,00;0,00
OASIS 1 (HUACHO 1);2;J;7;120,15;15000,00;0,00;0,00;16350,00;17700,00;0,00;0,00
OASIS 1 (HUACHO 1);2;J;8;120,15;15000,00;0,00;0,00;16350,00;17700,00;0,00;0,00
OASIS 1 (HUACHO 1);2;J;9;120,15;15000,00;0,00;0,00;16350,00;17700,00;0,00;0,00
OASIS 1 (HUACHO 1);2;J;10;120,15;15000,00;0,00;0,00;16350,00;17700,00;0,00;0,00
OASIS 1 (HUACHO 1);2;J;11;120,15;15000,00;0,00;0,00;16350,00;17700,00;0,00;0,00
OASIS 1 (HUACHO 1);2;J;12;120,15;15000,00;0,00;0,00;16350,00;17700,00;0,00;0,00
OASIS 1 (HUACHO 1);2;J;13;120,15;15000,00;0,00;0,00;16350,00;17700,00;0,00;0,00
OASIS 1 (HUACHO 1);2;J;14;108,79;15000,00;0,00;0,00;16350,00;17700,00;0,00;0,00
OASIS 1 (HUACHO 1);2;J;15;106,92;15000,00;0,00;0,00;16350,00;17700,00;0,00;0,00
OASIS 1 (HUACHO 1);2;J;16;106,92;15000,00;0,00;0,00;16350,00;17700,00;0,00;0,00
OASIS 1 (HUACHO 1);2;J;17;108,79;16000,00;0,00;0,00;17500,00;19000,00;0,00;0,00
OASIS 1 (HUACHO 1);2;J;18;120,15;15000,00;0,00;0,00;16350,00;17700,00;0,00;0,00
OASIS 1 (HUACHO 1);2;J;19;120,15;15000,00;0,00;0,00;16350,00;17700,00;0,00;0,00
OASIS 1 (HUACHO 1);2;J;20;120,15;15000,00;0,00;0,00;16350,00;17700,00;0,00;0,00
OASIS 1 (HUACHO 1);2;J;21;120,15;15000,00;0,00;0,00;16350,00;17700,00;0,00;0,00
OASIS 1 (HUACHO 1);2;J;22;120,15;15000,00;0,00;0,00;16350,00;17700,00;0,00;0,00
OASIS 1 (HUACHO 1);2;J;23;120,15;15000,00;0,00;0,00;16350,00;17700,00;0,00;0,00
OASIS 1 (HUACHO 1);2;J;24;120,15;15000,00;0,00;0,00;16350,00;17700,00;0,00;0,00
OASIS 1 (HUACHO 1);2;J;25;120,15;15000,00;0,00;0,00;16350,00;17700,00;0,00;0,00
OASIS 1 (HUACHO 1);2;J;26;120,15;15000,00;0,00;0,00;16350,00;17700,00;0,00;0,00
OASIS 1 (HUACHO 1);2;K;1;120;17000,00;0,00;0,00;18650,00;20300,00;0,00;0,00
OASIS 1 (HUACHO 1);2;K;2;120;17000,00;0,00;0,00;18650,00;20300,00;0,00;0,00
OASIS 1 (HUACHO 1);2;K;3;120;15000,00;0,00;0,00;16350,00;17700,00;0,00;0,00
OASIS 1 (HUACHO 1);2;K;4;120;15000,00;0,00;0,00;16350,00;17700,00;0,00;0,00
OASIS 1 (HUACHO 1);2;K;5;120;16000,00;0,00;0,00;17500,00;19000,00;0,00;0,00
OASIS 1 (HUACHO 1);2;K;6;120;16000,00;0,00;0,00;17500,00;19000,00;0,00;0,00
OASIS 1 (HUACHO 1);2;K;7;120;16000,00;0,00;0,00;17500,00;19000,00;0,00;0,00
OASIS 1 (HUACHO 1);2;K;8;120;16000,00;0,00;0,00;17500,00;19000,00;0,00;0,00
OASIS 1 (HUACHO 1);2;K;9;120;16000,00;0,00;0,00;17500,00;19000,00;0,00;0,00
OASIS 1 (HUACHO 1);2;K;10;120;15000,00;0,00;0,00;16350,00;17700,00;0,00;0,00
OASIS 1 (HUACHO 1);2;K;11;120;15000,00;0,00;0,00;16350,00;17700,00;0,00;0,00
OASIS 1 (HUACHO 1);2;K;12;119,44;16000,00;0,00;0,00;17500,00;19000,00;0,00;0,00
OASIS 1 (HUACHO 1);2;K;13;120;16000,00;0,00;0,00;17500,00;19000,00;0,00;0,00
OASIS 1 (HUACHO 1);2;K;14;120;15000,00;0,00;0,00;16350,00;17700,00;0,00;0,00
OASIS 1 (HUACHO 1);2;K;15;120;15000,00;0,00;0,00;16350,00;17700,00;0,00;0,00
OASIS 1 (HUACHO 1);2;K;16;120;15000,00;0,00;0,00;16350,00;17700,00;0,00;0,00
OASIS 1 (HUACHO 1);2;K;17;120;15000,00;0,00;0,00;16350,00;17700,00;0,00;0,00
OASIS 1 (HUACHO 1);2;K;18;120;15000,00;0,00;0,00;16350,00;17700,00;0,00;0,00
OASIS 1 (HUACHO 1);2;K;19;120;15000,00;0,00;0,00;16350,00;17700,00;0,00;0,00
OASIS 1 (HUACHO 1);2;K;20;120;15000,00;0,00;0,00;16350,00;17700,00;0,00;0,00
OASIS 1 (HUACHO 1);2;K;21;120;15000,00;0,00;0,00;16350,00;17700,00;0,00;0,00
OASIS 1 (HUACHO 1);2;K;22;120;15000,00;0,00;0,00;16350,00;17700,00;0,00;0,00
OASIS 1 (HUACHO 1);2;L;1;132,66;16000,00;0,00;0,00;17500,00;19000,00;0,00;0,00
OASIS 1 (HUACHO 1);2;L;2;120;15000,00;0,00;0,00;16350,00;17700,00;0,00;0,00
OASIS 1 (HUACHO 1);2;L;3;120;15000,00;0,00;0,00;16350,00;17700,00;0,00;0,00
OASIS 1 (HUACHO 1);2;L;4;120;15000,00;0,00;0,00;16350,00;17700,00;0,00;0,00
OASIS 1 (HUACHO 1);2;L;5;120;15000,00;0,00;0,00;16350,00;17700,00;0,00;0,00
OASIS 1 (HUACHO 1);2;L;6;120;15000,00;0,00;0,00;16350,00;17700,00;0,00;0,00
OASIS 1 (HUACHO 1);2;L;7;120;15000,00;0,00;0,00;16350,00;17700,00;0,00;0,00
OASIS 1 (HUACHO 1);2;L;8;120;15000,00;0,00;0,00;16350,00;17700,00;0,00;0,00
OASIS 1 (HUACHO 1);2;L;9;120;15000,00;0,00;0,00;16350,00;17700,00;0,00;0,00
OASIS 1 (HUACHO 1);2;L;10;120;15000,00;0,00;0,00;16350,00;17700,00;0,00;0,00
OASIS 1 (HUACHO 1);2;L;11;120;15000,00;0,00;0,00;16350,00;17700,00;0,00;0,00
OASIS 1 (HUACHO 1);2;L;12;120;15000,00;0,00;0,00;16350,00;17700,00;0,00;0,00
OASIS 1 (HUACHO 1);2;L;13;119,44;16000,00;0,00;0,00;17500,00;19000,00;0,00;0,00
OASIS 1 (HUACHO 1);2;L;14;120;17000,00;0,00;0,00;18650,00;20300,00;0,00;0,00
OASIS 1 (HUACHO 1);2;L;15;120;16000,00;0,00;0,00;17500,00;19000,00;0,00;0,00
OASIS 1 (HUACHO 1);2;L;16;120;16000,00;0,00;0,00;17500,00;19000,00;0,00;0,00
OASIS 1 (HUACHO 1);2;L;17;120;16000,00;0,00;0,00;17500,00;19000,00;0,00;0,00
OASIS 1 (HUACHO 1);2;L;18;120;16000,00;0,00;0,00;17500,00;19000,00;0,00;0,00
OASIS 1 (HUACHO 1);2;L;19;120;16000,00;0,00;0,00;17500,00;19000,00;0,00;0,00
OASIS 1 (HUACHO 1);2;L;20;120;16000,00;0,00;0,00;17500,00;19000,00;0,00;0,00
OASIS 1 (HUACHO 1);2;L;21;120;16000,00;0,00;0,00;17500,00;19000,00;0,00;0,00
OASIS 1 (HUACHO 1);2;L;22;120;16000,00;0,00;0,00;17500,00;19000,00;0,00;0,00
OASIS 1 (HUACHO 1);2;L;23;120;16000,00;0,00;0,00;17500,00;19000,00;0,00;0,00
OASIS 1 (HUACHO 1);2;L;24;120;16000,00;0,00;0,00;17500,00;19000,00;0,00;0,00
OASIS 1 (HUACHO 1);2;L;25;120;16000,00;0,00;0,00;17500,00;19000,00;0,00;0,00
OASIS 1 (HUACHO 1);2;L;26;133,22;17000,00;0,00;0,00;18650,00;20300,00;0,00;0,00
OASIS 1 (HUACHO 1);3;M;1;120;13000,00;0,00;0,00;14050,00;15100,00;0,00;0,00
OASIS 1 (HUACHO 1);3;M;2;120;13000,00;0,00;0,00;14050,00;15100,00;0,00;0,00
OASIS 1 (HUACHO 1);3;M;3;120;13000,00;0,00;0,00;14050,00;15100,00;0,00;0,00
OASIS 1 (HUACHO 1);3;M;4;120;13000,00;0,00;0,00;14050,00;15100,00;0,00;0,00
OASIS 1 (HUACHO 1);3;M;5;120;13000,00;0,00;0,00;14050,00;15100,00;0,00;0,00
OASIS 1 (HUACHO 1);3;M;6;120;13000,00;0,00;0,00;14050,00;15100,00;0,00;0,00
OASIS 1 (HUACHO 1);3;M;7;120;13000,00;0,00;0,00;14050,00;15100,00;0,00;0,00
OASIS 1 (HUACHO 1);3;M;8;120;13000,00;0,00;0,00;14050,00;15100,00;0,00;0,00
OASIS 1 (HUACHO 1);3;M;9;120;13000,00;0,00;0,00;14050,00;15100,00;0,00;0,00
OASIS 1 (HUACHO 1);3;M;10;120;13000,00;0,00;0,00;14050,00;15100,00;0,00;0,00
OASIS 1 (HUACHO 1);3;M;11;120;15000,00;0,00;0,00;16350,00;17700,00;0,00;0,00
OASIS 1 (HUACHO 1);3;M;12;120;14000,00;0,00;0,00;15200,00;16400,00;0,00;0,00
OASIS 1 (HUACHO 1);3;M;13;120;14000,00;0,00;0,00;15200,00;16400,00;0,00;0,00
OASIS 1 (HUACHO 1);3;M;14;120;15000,00;0,00;0,00;16350,00;1770,00;0,00;0,00
OASIS 1 (HUACHO 1);3;M;15;120;13000,00;0,00;0,00;14050,00;15100,00;0,00;0,00
OASIS 1 (HUACHO 1);3;M;16;120;13000,00;0,00;0,00;14050,00;15100,00;0,00;0,00
OASIS 1 (HUACHO 1);3;M;17;120;13000,00;0,00;0,00;14050,00;15100,00;0,00;0,00
OASIS 1 (HUACHO 1);3;M;18;120;13000,00;0,00;0,00;14050,00;15100,00;0,00;0,00
OASIS 1 (HUACHO 1);3;M;19;120;13000,00;0,00;0,00;14050,00;15100,00;0,00;0,00
OASIS 1 (HUACHO 1);3;M;20;120;13000,00;0,00;0,00;14050,00;15100,00;0,00;0,00
OASIS 1 (HUACHO 1);3;M;21;120;13000,00;0,00;0,00;14050,00;15100,00;0,00;0,00
OASIS 1 (HUACHO 1);3;M;22;120;13000,00;0,00;0,00;14050,00;15100,00;0,00;0,00
OASIS 1 (HUACHO 1);3;M;23;120;13000,00;0,00;0,00;14050,00;15100,00;0,00;0,00
OASIS 1 (HUACHO 1);3;M;24;120;13000,00;0,00;0,00;14050,00;15100,00;0,00;0,00
OASIS 1 (HUACHO 1);3;M;25;120;15000,00;0,00;0,00;16350,00;17700,00;0,00;0,00
OASIS 1 (HUACHO 1);3;M;26;120;13000,00;0,00;0,00;14050,00;15100,00;0,00;0,00
OASIS 1 (HUACHO 1);3;M;27;120;13000,00;0,00;0,00;14050,00;15100,00;0,00;0,00
OASIS 1 (HUACHO 1);3;M;28;120;15000,00;0,00;0,00;16350,00;17700,00;0,00;0,00
OASIS 1 (HUACHO 1);3;N;1;120;13000,00;0,00;0,00;14050,00;15100,00;0,00;0,00
OASIS 1 (HUACHO 1);3;N;2;120;13000,00;0,00;0,00;14050,00;15100,00;0,00;0,00
OASIS 1 (HUACHO 1);3;N;3;120;13000,00;0,00;0,00;14050,00;15100,00;0,00;0,00
OASIS 1 (HUACHO 1);3;N;4;120;13000,00;0,00;0,00;14050,00;15100,00;0,00;0,00
OASIS 1 (HUACHO 1);3;N;5;120;13000,00;0,00;0,00;14050,00;15100,00;0,00;0,00
OASIS 1 (HUACHO 1);3;N;6;120;13000,00;0,00;0,00;14050,00;15100,00;0,00;0,00
OASIS 1 (HUACHO 1);3;N;7;120;13000,00;0,00;0,00;14050,00;15100,00;0,00;0,00
OASIS 1 (HUACHO 1);3;N;8;120;13000,00;0,00;0,00;14050,00;15100,00;0,00;0,00
OASIS 1 (HUACHO 1);3;N;9;120;13000,00;0,00;0,00;14050,00;15100,00;0,00;0,00
OASIS 1 (HUACHO 1);3;N;10;120;13000,00;0,00;0,00;14050,00;15100,00;0,00;0,00
OASIS 1 (HUACHO 1);3;N;11;120;16000,00;0,00;0,00;17500,00;19000,00;0,00;0,00
OASIS 1 (HUACHO 1);3;N;12;120;13000,00;0,00;0,00;14050,00;15100,00;0,00;0,00
OASIS 1 (HUACHO 1);3;N;13;120;13000,00;0,00;0,00;14050,00;15100,00;0,00;0,00
OASIS 1 (HUACHO 1);3;N;14;120;16000,00;0,00;0,00;17500,00;19000,00;0,00;0,00
OASIS 1 (HUACHO 1);3;N;15;120;15000,00;0,00;0,00;16350,00;17700,00;0,00;0,00
OASIS 1 (HUACHO 1);3;N;16;120;15000,00;0,00;0,00;16350,00;17700,00;0,00;0,00
OASIS 1 (HUACHO 1);3;N;17;120;15000,00;0,00;0,00;16350,00;17700,00;0,00;0,00
OASIS 1 (HUACHO 1);3;N;18;120;13000,00;0,00;0,00;14050,00;15100,00;0,00;0,00
OASIS 1 (HUACHO 1);3;N;19;120;13000,00;0,00;0,00;14050,00;15100,00;0,00;0,00
OASIS 1 (HUACHO 1);3;N;20;120;13000,00;0,00;0,00;14050,00;15100,00;0,00;0,00
OASIS 1 (HUACHO 1);3;N;21;120;13000,00;0,00;0,00;14050,00;15100,00;0,00;0,00
OASIS 1 (HUACHO 1);3;N;22;120;13000,00;0,00;0,00;14050,00;15100,00;0,00;0,00
OASIS 1 (HUACHO 1);3;N;23;120;13000,00;0,00;0,00;14050,00;15100,00;0,00;0,00
OASIS 1 (HUACHO 1);3;N;24;120;13000,00;0,00;0,00;14050,00;15100,00;0,00;0,00
OASIS 1 (HUACHO 1);3;N;25;120;13000,00;0,00;0,00;14050,00;15100,00;0,00;0,00
OASIS 1 (HUACHO 1);3;N;26;120;13000,00;0,00;0,00;14050,00;15100,00;0,00;0,00
OASIS 1 (HUACHO 1);3;N;27;120;13000,00;0,00;0,00;14050,00;15100,00;0,00;0,00
OASIS 1 (HUACHO 1);3;N;28;120;13000,00;0,00;0,00;14050,00;15100,00;0,00;0,00
OASIS 1 (HUACHO 1);3;O;1;120;13000,00;0,00;0,00;14050,00;15100,00;0,00;0,00
OASIS 1 (HUACHO 1);3;O;2;120;13000,00;0,00;0,00;14050,00;15100,00;0,00;0,00
OASIS 1 (HUACHO 1);3;O;3;120;13000,00;0,00;0,00;14050,00;15100,00;0,00;0,00
OASIS 1 (HUACHO 1);3;O;4;120;13000,00;0,00;0,00;14050,00;15100,00;0,00;0,00
OASIS 1 (HUACHO 1);3;O;5;120;13000,00;0,00;0,00;14050,00;15100,00;0,00;0,00
OASIS 1 (HUACHO 1);3;O;6;120;13000,00;0,00;0,00;14050,00;15100,00;0,00;0,00
OASIS 1 (HUACHO 1);3;O;7;120;13000,00;0,00;0,00;14050,00;15100,00;0,00;0,00
OASIS 1 (HUACHO 1);3;O;8;120;13000,00;0,00;0,00;14050,00;15100,00;0,00;0,00
OASIS 1 (HUACHO 1);3;O;9;120;13000,00;0,00;0,00;14050,00;15100,00;0,00;0,00
OASIS 1 (HUACHO 1);3;O;10;120;13000,00;0,00;0,00;14050,00;15100,00;0,00;0,00
OASIS 1 (HUACHO 1);3;O;11;120;13000,00;0,00;0,00;14050,00;15100,00;0,00;0,00
OASIS 1 (HUACHO 1);3;O;12;120;13000,00;0,00;0,00;14050,00;15100,00;0,00;0,00
OASIS 1 (HUACHO 1);3;O;13;120;13000,00;0,00;0,00;14050,00;15100,00;0,00;0,00
OASIS 1 (HUACHO 1);3;O;14;120;13000,00;0,00;0,00;14050,00;15100,00;0,00;0,00
OASIS 1 (HUACHO 1);3;O;15;120;13000,00;0,00;0,00;14050,00;15100,00;0,00;0,00
OASIS 1 (HUACHO 1);3;O;16;120;13000,00;0,00;0,00;14050,00;15100,00;0,00;0,00
OASIS 1 (HUACHO 1);3;O;17;120;13000,00;0,00;0,00;14050,00;15100,00;0,00;0,00
OASIS 1 (HUACHO 1);3;O;18;120;13000,00;0,00;0,00;14050,00;15100,00;0,00;0,00
OASIS 1 (HUACHO 1);3;O;19;120;13000,00;0,00;0,00;14050,00;15100,00;0,00;0,00
OASIS 1 (HUACHO 1);3;O;20;120;13000,00;0,00;0,00;14050,00;15100,00;0,00;0,00
OASIS 1 (HUACHO 1);3;O;21;120;13000,00;0,00;0,00;14050,00;15100,00;0,00;0,00
OASIS 1 (HUACHO 1);3;O;22;120;13000,00;0,00;0,00;14050,00;15100,00;0,00;0,00
OASIS 1 (HUACHO 1);3;O;23;120;13000,00;0,00;0,00;14050,00;15100,00;0,00;0,00
OASIS 1 (HUACHO 1);3;O;24;120;13000,00;0,00;0,00;14050,00;15100,00;0,00;0,00
OASIS 1 (HUACHO 1);3;O;25;120;13000,00;0,00;0,00;14050,00;15100,00;0,00;0,00
OASIS 1 (HUACHO 1);3;O;26;120;13000,00;0,00;0,00;14050,00;15100,00;0,00;0,00
OASIS 1 (HUACHO 1);3;O;27;120;13000,00;0,00;0,00;14050,00;15100,00;0,00;0,00
OASIS 1 (HUACHO 1);3;O;28;120;13000,00;0,00;0,00;14050,00;15100,00;0,00;0,00
OASIS 1 (HUACHO 1);3;P;1;119,44;13000,00;0,00;0,00;14050,00;15100,00;0,00;0,00
OASIS 1 (HUACHO 1);3;P;2;120;13000,00;0,00;0,00;14050,00;15100,00;0,00;0,00
OASIS 1 (HUACHO 1);3;P;3;120;13000,00;0,00;0,00;14050,00;15100,00;0,00;0,00
OASIS 1 (HUACHO 1);3;P;4;120;13000,00;0,00;0,00;14050,00;15100,00;0,00;0,00
OASIS 1 (HUACHO 1);3;P;5;120;13000,00;0,00;0,00;14050,00;15100,00;0,00;0,00
OASIS 1 (HUACHO 1);3;P;6;120;13000,00;0,00;0,00;14050,00;15100,00;0,00;0,00
OASIS 1 (HUACHO 1);3;P;7;120;13000,00;0,00;0,00;14050,00;15100,00;0,00;0,00
OASIS 1 (HUACHO 1);3;P;8;120;13000,00;0,00;0,00;14050,00;15100,00;0,00;0,00
OASIS 1 (HUACHO 1);3;P;9;120;13000,00;0,00;0,00;14050,00;15100,00;0,00;0,00
OASIS 1 (HUACHO 1);3;P;10;120;13000,00;0,00;0,00;14050,00;15100,00;0,00;0,00
OASIS 1 (HUACHO 1);3;P;11;120;13000,00;0,00;0,00;14050,00;15100,00;0,00;0,00
OASIS 1 (HUACHO 1);3;P;12;120;13000,00;0,00;0,00;14050,00;15100,00;0,00;0,00
OASIS 1 (HUACHO 1);3;P;13;120;13000,00;0,00;0,00;14050,00;15100,00;0,00;0,00
OASIS 1 (HUACHO 1);3;P;14;120;13000,00;0,00;0,00;14050,00;15100,00;0,00;0,00
OASIS 1 (HUACHO 1);3;P;15;120;13000,00;0,00;0,00;14050,00;15100,00;0,00;0,00
OASIS 1 (HUACHO 1);3;P;16;120;13000,00;0,00;0,00;14050,00;15100,00;0,00;0,00
OASIS 1 (HUACHO 1);3;P;17;120;13000,00;0,00;0,00;14050,00;15100,00;0,00;0,00
OASIS 1 (HUACHO 1);3;P;18;120;13000,00;0,00;0,00;14050,00;15100,00;0,00;0,00
OASIS 1 (HUACHO 1);3;P;19;120;13000,00;0,00;0,00;14050,00;15100,00;0,00;0,00
OASIS 1 (HUACHO 1);3;P;20;120;13000,00;0,00;0,00;14050,00;15100,00;0,00;0,00
OASIS 1 (HUACHO 1);3;P;21;120;16000,00;0,00;0,00;17500,00;19000,00;0,00;0,00
OASIS 1 (HUACHO 1);3;P;22;120;16000,00;0,00;0,00;17500,00;19000,00;0,00;0,00
OASIS 1 (HUACHO 1);3;P;23;120;16000,00;0,00;0,00;17500,00;19000,00;0,00;0,00
OASIS 1 (HUACHO 1);3;P;24;120;16000,00;0,00;0,00;17500,00;19000,00;0,00;0,00
OASIS 1 (HUACHO 1);3;P;25;120;14000,00;0,00;0,00;16350,00;17700,00;0,00;0,00
OASIS 1 (HUACHO 1);3;P;26;120;14000,00;0,00;0,00;16350,00;17700,00;0,00;0,00
OASIS 1 (HUACHO 1);3;P;27;120;14000,00;0,00;0,00;16350,00;17700,00;0,00;0,00
OASIS 1 (HUACHO 1);3;P;28;120;14000,00;0,00;0,00;16350,00;17700,00;0,00;0,00
OASIS 1 (HUACHO 1);3;Q;1;90;13000,00;0,00;0,00;14050,00;15100,00;0,00;0,00
OASIS 1 (HUACHO 1);3;Q;2;90;13000,00;0,00;0,00;14050,00;15100,00;0,00;0,00
OASIS 1 (HUACHO 1);3;Q;3;90;13000,00;0,00;0,00;14050,00;15100,00;0,00;0,00
OASIS 1 (HUACHO 1);3;Q;4;90;13000,00;0,00;0,00;14050,00;15100,00;0,00;0,00
OASIS 1 (HUACHO 1);3;Q;5;90;13000,00;0,00;0,00;14050,00;15100,00;0,00;0,00
OASIS 1 (HUACHO 1);3;Q;6;90;13000,00;0,00;0,00;14050,00;15100,00;0,00;0,00
OASIS 1 (HUACHO 1);3;Q;7;90;13000,00;0,00;0,00;14050,00;15100,00;0,00;0,00
OASIS 1 (HUACHO 1);3;Q;8;90;13000,00;0,00;0,00;14050,00;15100,00;0,00;0,00
OASIS 1 (HUACHO 1);3;Q;9;90;13000,00;0,00;0,00;14050,00;15100,00;0,00;0,00
OASIS 1 (HUACHO 1);3;Q;10;90;13000,00;0,00;0,00;14050,00;15100,00;0,00;0,00
OASIS 1 (HUACHO 1);3;Q;11;90;13000,00;0,00;0,00;14050,00;15100,00;0,00;0,00
OASIS 1 (HUACHO 1);3;Q;12;90;13000,00;0,00;0,00;14050,00;15100,00;0,00;0,00
OASIS 1 (HUACHO 1);3;Q;13;90;13000,00;0,00;0,00;14050,00;15100,00;0,00;0,00
OASIS 1 (HUACHO 1);3;Q;14;90;13000,00;0,00;0,00;14050,00;15100,00;0,00;0,00
OASIS 1 (HUACHO 1);3;Q;15;90;13000,00;0,00;0,00;14050,00;15100,00;0,00;0,00
OASIS 1 (HUACHO 1);3;Q;16;90;13000,00;0,00;0,00;14050,00;15100,00;0,00;0,00
OASIS 1 (HUACHO 1);3;Q;17;90;13000,00;0,00;0,00;14050,00;15100,00;0,00;0,00
OASIS 1 (HUACHO 1);3;Q;18;90;13000,00;0,00;0,00;14050,00;15100,00;0,00;0,00
OASIS 1 (HUACHO 1);3;Q;19;90;13000,00;0,00;0,00;14050,00;15100,00;0,00;0,00
OASIS 1 (HUACHO 1);3;Q;20;90;13000,00;0,00;0,00;14050,00;15100,00;0,00;0,00
OASIS 1 (HUACHO 1);3;Q;21;90;13000,00;0,00;0,00;14050,00;15100,00;0,00;0,00
OASIS 1 (HUACHO 1);3;Q;22;90;13000,00;0,00;0,00;14050,00;15100,00;0,00;0,00
OASIS 1 (HUACHO 1);3;Q;23;90;13000,00;0,00;0,00;14050,00;15100,00;0,00;0,00
OASIS 1 (HUACHO 1);3;Q;24;90;13000,00;0,00;0,00;14050,00;15100,00;0,00;0,00
OASIS 1 (HUACHO 1);3;Q;25;90;13000,00;0,00;0,00;14050,00;15100,00;0,00;0,00
OASIS 1 (HUACHO 1);3;Q;26;90;13000,00;0,00;0,00;14050,00;15100,00;0,00;0,00
OASIS 1 (HUACHO 1);3;Q;27;90;13000,00;0,00;0,00;14050,00;15100,00;0,00;0,00
OASIS 1 (HUACHO 1);3;Q;28;90;13000,00;0,00;0,00;14050,00;15100,00;0,00;0,00
OASIS 1 (HUACHO 1);3;Q;29;90;13000,00;0,00;0,00;14050,00;15100,00;0,00;0,00
OASIS 1 (HUACHO 1);3;Q;30;90;13000,00;0,00;0,00;14050,00;15100,00;0,00;0,00
OASIS 1 (HUACHO 1);3;Q;31;90;13000,00;0,00;0,00;14050,00;15100,00;0,00;0,00
OASIS 1 (HUACHO 1);3;Q;32;90;13000,00;0,00;0,00;14050,00;15100,00;0,00;0,00
OASIS 1 (HUACHO 1);3;Q;33;90;13000,00;0,00;0,00;14050,00;15100,00;0,00;0,00
OASIS 1 (HUACHO 1);3;Q;34;90;13000,00;0,00;0,00;14050,00;15100,00;0,00;0,00
OASIS 1 (HUACHO 1);3;Q;35;90;13000,00;0,00;0,00;14050,00;15100,00;0,00;0,00
OASIS 1 (HUACHO 1);3;Q;36;90;13000,00;0,00;0,00;14050,00;15100,00;0,00;0,00
OASIS 1 (HUACHO 1);3;Q;37;90;13000,00;0,00;0,00;14050,00;15100,00;0,00;0,00
OASIS 1 (HUACHO 1);3;Q;38;90;13000,00;0,00;0,00;14050,00;15100,00;0,00;0,00
OASIS 1 (HUACHO 1);3;Q;39;90;13000,00;0,00;0,00;14050,00;15100,00;0,00;0,00
OASIS 1 (HUACHO 1);3;Q;40;90;13000,00;0,00;0,00;14050,00;15100,00;0,00;0,00
OASIS 1 (HUACHO 1);3;Q;41;90;13000,00;0,00;0,00;14050,00;15100,00;0,00;0,00
OASIS 1 (HUACHO 1);3;Q;42;90;13000,00;0,00;0,00;14050,00;15100,00;0,00;0,00
OASIS 1 (HUACHO 1);3;Q;43;90;13000,00;0,00;0,00;14050,00;15100,00;0,00;0,00
OASIS 1 (HUACHO 1);3;Q;44;90;13000,00;0,00;0,00;14050,00;15100,00;0,00;0,00
OASIS 1 (HUACHO 1);3;Q;45;90;13000,00;0,00;0,00;14050,00;15100,00;0,00;0,00
OASIS 1 (HUACHO 1);3;Q;46;90;13000,00;0,00;0,00;14050,00;15100,00;0,00;0,00
OASIS 1 (HUACHO 1);3;Q;47;90;13000,00;0,00;0,00;14050,00;15100,00;0,00;0,00
OASIS 1 (HUACHO 1);3;Q;48;90;13000,00;0,00;0,00;14050,00;15100,00;0,00;0,00
OASIS 1 (HUACHO 1);3;Q;49;90;13000,00;0,00;0,00;14050,00;15100,00;0,00;0,00
OASIS 1 (HUACHO 1);3;Q;50;90;13000,00;0,00;0,00;14050,00;15100,00;0,00;0,00
OASIS 1 (HUACHO 1);3;Q;51;90;13000,00;0,00;0,00;14050,00;15100,00;0,00;0,00
OASIS 1 (HUACHO 1);3;Q;52;107,15;13000,00;0,00;0,00;14050,00;15100,00;0,00;0,00
OASIS 2 (AUCALLAMA);1;A;1;126,32;0,00;15500,00;13950,00;0,00;0,00;18600,00;26040,00
OASIS 2 (AUCALLAMA);1;A;2;126,32;0,00;15000,00;13500,00;0,00;0,00;13500,00;18900,00
OASIS 2 (AUCALLAMA);1;A;3;126,32;0,00;15000,00;13500,00;0,00;0,00;18000,00;25200,00
OASIS 2 (AUCALLAMA);1;A;4;126,32;0,00;15000,00;13500,00;0,00;0,00;18000,00;25200,00
OASIS 2 (AUCALLAMA);1;A;5;126,32;0,00;15000,00;13500,00;0,00;0,00;18000,00;25200,00
OASIS 2 (AUCALLAMA);1;A;6;263,2;0,00;30000,00;27000,00;0,00;0,00;36000,00;50400,00
OASIS 2 (AUCALLAMA);1;B;1;157,73;0,00;19000,00;17100,00;0,00;0,00;22800,00;31920,00
OASIS 2 (AUCALLAMA);1;B;2;120;0,00;14000,00;12600,00;0,00;0,00;16800,00;23520,00
OASIS 2 (AUCALLAMA);1;B;3;120;0,00;14000,00;12600,00;0,00;0,00;16800,00;23520,00
OASIS 2 (AUCALLAMA);1;B;4;120;0,00;14000,00;12600,00;0,00;0,00;16800,00;23520,00
OASIS 2 (AUCALLAMA);1;B;5;120;0,00;14000,00;12600,00;0,00;0,00;16800,00;23520,00
OASIS 2 (AUCALLAMA);1;B;6;137,73;0,00;14900,00;13410,00;0,00;0,00;17880,00;25032,00
OASIS 2 (AUCALLAMA);1;B;7;120;0,00;14000,00;12600,00;0,00;0,00;16800,00;23520,00
OASIS 2 (AUCALLAMA);1;B;8;120;0,00;14000,00;12600,00;0,00;0,00;16800,00;23520,00
OASIS 2 (AUCALLAMA);1;B;9;120;0,00;14000,00;12600,00;0,00;0,00;16800,00;23520,00
OASIS 2 (AUCALLAMA);1;B;10;120;0,00;14000,00;12600,00;0,00;0,00;16800,00;23520,00
OASIS 2 (AUCALLAMA);1;B;11;120;0,00;14000,00;12600,00;0,00;0,00;16800,00;23520,00
OASIS 2 (AUCALLAMA);1;B;12;120;0,00;14600,00;13140,00;0,00;0,00;17520,00;24528,00
OASIS 2 (AUCALLAMA);1;B;13;120;0,00;14600,00;13140,00;0,00;0,00;17520,00;24528,00
OASIS 2 (AUCALLAMA);1;B;14;120;0,00;14600,00;13140,00;0,00;0,00;17520,00;24528,00
OASIS 2 (AUCALLAMA);1;B;15;120;0,00;14600,00;13140,00;0,00;0,00;17520,00;24528,00
OASIS 2 (AUCALLAMA);1;B;16;120;0,00;14600,00;13140,00;0,00;0,00;17520,00;24528,00
OASIS 2 (AUCALLAMA);1;B;17;214,34;0,00;24506,00;22055,40;0,00;0,00;29407,20;41170,08
OASIS 2 (AUCALLAMA);1;B;18;135,91;0,00;16271,00;14643,90;0,00;0,00;19525,20;27335,28
OASIS 2 (AUCALLAMA);1;B;19;120;0,00;14000,00;12600,00;0,00;0,00;16800,00;23520,00
OASIS 2 (AUCALLAMA);1;B;20;120;0,00;14000,00;12600,00;0,00;0,00;16800,00;23520,00
OASIS 2 (AUCALLAMA);1;B;21;120;0,00;14000,00;12600,00;0,00;0,00;16800,00;23520,00
OASIS 2 (AUCALLAMA);1;B;22;120;0,00;14000,00;12600,00;0,00;0,00;16800,00;23520,00
OASIS 2 (AUCALLAMA);1;B;23;120;0,00;14000,00;12600,00;0,00;0,00;16800,00;23520,00
OASIS 2 (AUCALLAMA);1;B;24;120;0,00;14000,00;12600,00;0,00;0,00;16800,00;23520,00
OASIS 2 (AUCALLAMA);1;B;25;120;0,00;14000,00;12600,00;0,00;0,00;16800,00;23520,00
OASIS 2 (AUCALLAMA);1;B;26;120;0,00;14000,00;12600,00;0,00;0,00;16800,00;23520,00
OASIS 2 (AUCALLAMA);1;B;27;120;0,00;14000,00;12600,00;0,00;0,00;16800,00;23520,00
OASIS 2 (AUCALLAMA);1;C;1;206,71;0,00;23705,00;21334,50;0,00;0,00;28446,00;39824,40
OASIS 2 (AUCALLAMA);1;C;2;120;0,00;14000,00;12600,00;0,00;0,00;16800,00;23520,00
OASIS 2 (AUCALLAMA);1;C;3;120;0,00;14000,00;12600,00;0,00;0,00;16800,00;23520,00
OASIS 2 (AUCALLAMA);1;C;4;120;0,00;14000,00;12600,00;0,00;0,00;16800,00;23520,00
OASIS 2 (AUCALLAMA);1;C;5;120;0,00;14000,00;12600,00;0,00;0,00;16800,00;23520,00
OASIS 2 (AUCALLAMA);1;C;6;120;0,00;14600,00;13140,00;0,00;0,00;17520,00;24528,00
OASIS 2 (AUCALLAMA);1;C;7;120;0,00;14600,00;13140,00;0,00;0,00;17520,00;24528,00
OASIS 2 (AUCALLAMA);1;C;8;120;0,00;14000,00;12600,00;0,00;0,00;16800,00;23520,00
OASIS 2 (AUCALLAMA);1;C;9;120;0,00;14000,00;12600,00;0,00;0,00;16800,00;23520,00
OASIS 2 (AUCALLAMA);1;C;10;160,79;0,00;18883,00;16994,70;0,00;0,00;22659,60;31723,44
OASIS 2 (AUCALLAMA);1;C;11;165,67;0,00;19395,00;17455,50;0,00;0,00;23274,00;32583,60
OASIS 2 (AUCALLAMA);1;C;12;120;0,00;14000,00;12600,00;0,00;0,00;16800,00;23520,00
OASIS 2 (AUCALLAMA);1;C;13;120;0,00;14000,00;12600,00;0,00;0,00;16800,00;23520,00
OASIS 2 (AUCALLAMA);1;C;14;120;0,00;14000,00;12600,00;0,00;0,00;16800,00;23520,00
OASIS 2 (AUCALLAMA);1;C;15;120;0,00;14000,00;12600,00;0,00;0,00;16800,00;23520,00
OASIS 2 (AUCALLAMA);1;C;16;120;0,00;14600,00;13140,00;0,00;0,00;17520,00;24528,00
OASIS 2 (AUCALLAMA);1;C;17;120;0,00;14600,00;13140,00;0,00;0,00;17520,00;24528,00
OASIS 2 (AUCALLAMA);1;C;18;115,05;0,00;13505,00;12154,50;0,00;0,00;16206,00;22688,40
OASIS 2 (AUCALLAMA);1;C;19;152,53;0,00;17253,00;15527,70;0,00;0,00;20703,60;28985,04
OASIS 2 (AUCALLAMA);1;D;1;113,72;0,00;16941,00;15246,90;0,00;0,00;20329,20;28460,88
OASIS 2 (AUCALLAMA);1;D;2;106,69;0,00;15202,00;13681,80;0,00;0,00;18242,40;25539,36
OASIS 2 (AUCALLAMA);1;D;3;120;0,00;14600,00;13140,00;0,00;0,00;17520,00;24528,00
OASIS 2 (AUCALLAMA);1;D;4;120;0,00;14600,00;13140,00;0,00;0,00;17520,00;24528,00
OASIS 2 (AUCALLAMA);1;D;5;120;0,00;14600,00;13140,00;0,00;0,00;17520,00;24528,00
OASIS 2 (AUCALLAMA);1;D;6;120;0,00;14600,00;13140,00;0,00;0,00;17520,00;24528,00
OASIS 2 (AUCALLAMA);1;D;7;120;0,00;14600,00;13140,00;0,00;0,00;17520,00;24528,00
OASIS 2 (AUCALLAMA);1;D;8;120;0,00;14600,00;13140,00;0,00;0,00;17520,00;24528,00
OASIS 2 (AUCALLAMA);1;D;9;120;0,00;14600,00;13140,00;0,00;0,00;17520,00;24528,00
OASIS 2 (AUCALLAMA);1;D;10;120;0,00;14600,00;13140,00;0,00;0,00;17520,00;24528,00
OASIS 2 (AUCALLAMA);1;D;11;120;0,00;14600,00;13140,00;0,00;0,00;17520,00;24528,00
OASIS 2 (AUCALLAMA);1;D;12;116,54;0,00;14154,00;12738,60;0,00;0,00;16984,80;23778,72
OASIS 2 (AUCALLAMA);1;D;13;112,04;0,00;14154,00;12738,60;0,00;0,00;16984,80;23778,72
OASIS 2 (AUCALLAMA);1;D;14;158,51;0,00;19144,00;17229,60;0,00;0,00;22972,80;32161,92
OASIS 2 (AUCALLAMA);1;D;15;120;0,00;14600,00;13140,00;0,00;0,00;17520,00;24528,00
OASIS 2 (AUCALLAMA);1;D;16;120;0,00;14600,00;13140,00;0,00;0,00;17520,00;24528,00
OASIS 2 (AUCALLAMA);1;D;17;120;0,00;14600,00;13140,00;0,00;0,00;17520,00;24528,00
OASIS 2 (AUCALLAMA);1;D;18;120;0,00;14600,00;13140,00;0,00;0,00;17520,00;24528,00
OASIS 2 (AUCALLAMA);1;D;19;120;0,00;14600,00;13140,00;0,00;0,00;17520,00;24528,00
OASIS 2 (AUCALLAMA);1;D;20;120;0,00;14600,00;13140,00;0,00;0,00;17520,00;24528,00
OASIS 2 (AUCALLAMA);1;D;21;120;0,00;14600,00;13140,00;0,00;0,00;17520,00;24528,00
OASIS 2 (AUCALLAMA);1;D;22;120;0,00;14600,00;13140,00;0,00;0,00;17520,00;24528,00
OASIS 2 (AUCALLAMA);1;D;23;116,92;0,00;13963,00;12566,70;0,00;0,00;16755,60;23457,84
OASIS 2 (AUCALLAMA);1;D;24;164,34;0,00;18934,00;17040,60;0,00;0,00;22720,80;31809,12
OASIS 2 (AUCALLAMA);1;E;1;124,19;0,00;15000,00;13500,00;0,00;0,00;18000,00;25200,00
OASIS 2 (AUCALLAMA);1;E;2;110,78;0,00;14000,00;12600,00;0,00;0,00;16800,00;23520,00
OASIS 2 (AUCALLAMA);1;E;3;144,67;0,00;16967,00;15270,30;0,00;0,00;20360,40;28504,56
OASIS 2 (AUCALLAMA);1;E;4;173,91;0,00;19000,00;17100,00;0,00;0,00;22800,00;31920,00
OASIS 2 (AUCALLAMA);1;E;5;177,74;0,00;19774,00;17796,60;0,00;0,00;23728,80;33220,32
OASIS 2 (AUCALLAMA);1;E;6;177,74;0,00;19774,00;17796,60;0,00;0,00;23728,80;33220,32
OASIS 2 (AUCALLAMA);1;E;7;177,74;0,00;19774,00;17796,60;0,00;0,00;23728,80;33220,32
OASIS 2 (AUCALLAMA);1;E;8;177,74;0,00;19774,00;17796,60;0,00;0,00;23728,80;33220,32
OASIS 2 (AUCALLAMA);1;E;9;172,83;0,00;19283,00;17354,70;0,00;0,00;23139,60;32395,44
OASIS 2 (AUCALLAMA);1;E;10;196,15;0,00;21615,00;19453,50;0,00;0,00;25938,00;36313,20
OASIS 3 (HUACHO 2);1;J;1;130,5;13500,00;0,00;12150,00;14625,00;15750,00;0,00;0,00
OASIS 3 (HUACHO 2);1;J;2;120;12000,00;0,00;10800,00;12900,00;13800,00;0,00;0,00
OASIS 3 (HUACHO 2);1;J;3;120;12000,00;0,00;10800,00;12900,00;13800,00;0,00;0,00
OASIS 3 (HUACHO 2);1;J;4;120;12000,00;0,00;10800,00;12900,00;13800,00;0,00;0,00
OASIS 3 (HUACHO 2);1;J;5;120;12000,00;0,00;10800,00;12900,00;13800,00;0,00;0,00
OASIS 3 (HUACHO 2);1;J;6;120;12000,00;0,00;10800,00;12900,00;13800,00;0,00;0,00
OASIS 3 (HUACHO 2);1;J;7;120;12000,00;0,00;10800,00;12900,00;13800,00;0,00;0,00
OASIS 3 (HUACHO 2);1;J;8;120;12000,00;0,00;10800,00;12900,00;13800,00;0,00;0,00
OASIS 3 (HUACHO 2);1;J;9;120;12000,00;0,00;10800,00;12900,00;13800,00;0,00;0,00
OASIS 3 (HUACHO 2);1;J;10;120;14000,00;0,00;12600,00;15200,00;16400,00;0,00;0,00
OASIS 3 (HUACHO 2);1;J;11;120;14000,00;0,00;12600,00;15200,00;16400,00;0,00;0,00
OASIS 3 (HUACHO 2);1;J;12;120;14000,00;0,00;12600,00;15200,00;16400,00;0,00;0,00
OASIS 3 (HUACHO 2);1;J;13;120;14000,00;0,00;12600,00;15200,00;16400,00;0,00;0,00
OASIS 3 (HUACHO 2);1;J;14;120;14000,00;0,00;12600,00;15200,00;16400,00;0,00;0,00
OASIS 3 (HUACHO 2);1;J;15;120;14000,00;0,00;12600,00;15200,00;16400,00;0,00;0,00
OASIS 3 (HUACHO 2);1;J;16;120;14000,00;0,00;12600,00;15200,00;16400,00;0,00;0,00
OASIS 3 (HUACHO 2);1;J;17;120;12000,00;0,00;10800,00;12900,00;13800,00;0,00;0,00
OASIS 3 (HUACHO 2);1;J;18;120;12000,00;0,00;10800,00;12900,00;13800,00;0,00;0,00
OASIS 3 (HUACHO 2);1;J;19;120;12000,00;0,00;10800,00;12900,00;13800,00;0,00;0,00
OASIS 3 (HUACHO 2);1;J;20;120;12000,00;0,00;10800,00;12900,00;13800,00;0,00;0,00
OASIS 3 (HUACHO 2);1;J;21;120;12000,00;0,00;10800,00;12900,00;13800,00;0,00;0,00
OASIS 3 (HUACHO 2);1;J;22;120;12000,00;0,00;10800,00;12900,00;13800,00;0,00;0,00
OASIS 3 (HUACHO 2);1;J;23;120;12000,00;0,00;10800,00;12900,00;13800,00;0,00;0,00
OASIS 3 (HUACHO 2);1;J;24;120;12000,00;0,00;10800,00;12900,00;13800,00;0,00;0,00
OASIS 3 (HUACHO 2);1;J;25;120;12000,00;0,00;10800,00;12900,00;13800,00;0,00;0,00
OASIS 3 (HUACHO 2);1;J;26;120;12000,00;0,00;10800,00;12900,00;13800,00;0,00;0,00
OASIS 3 (HUACHO 2);1;J;27;120;12000,00;0,00;10800,00;12900,00;13800,00;0,00;0,00
OASIS 3 (HUACHO 2);1;J;28;120;16000,00;0,00;14400,00;17500,00;19000,00;0,00;0,00
OASIS 3 (HUACHO 2);1;J;29;120;16000,00;0,00;14400,00;17500,00;19000,00;0,00;0,00
OASIS 3 (HUACHO 2);1;J;30;120;16000,00;0,00;14400,00;17500,00;19000,00;0,00;0,00
OASIS 3 (HUACHO 2);1;J;31;120;16000,00;0,00;14400,00;17500,00;19000,00;0,00;0,00
OASIS 3 (HUACHO 2);1;J;32;120;16000,00;0,00;14400,00;17500,00;19000,00;0,00;0,00
OASIS 3 (HUACHO 2);1;J;33;120;16000,00;0,00;14400,00;17500,00;19000,00;0,00;0,00
OASIS 3 (HUACHO 2);1;J;34;120;16000,00;0,00;14400,00;17500,00;19000,00;0,00;0,00
OASIS 3 (HUACHO 2);1;J;35;120;14000,00;0,00;12600,00;15200,00;16400,00;0,00;0,00
OASIS 3 (HUACHO 2);1;J;36;120;12000,00;0,00;10800,00;12900,00;13800,00;0,00;0,00
OASIS 3 (HUACHO 2);1;J;37;120;12000,00;0,00;10800,00;12900,00;13800,00;0,00;0,00
OASIS 3 (HUACHO 2);1;J;38;120;12000,00;0,00;10800,00;12900,00;13800,00;0,00;0,00
OASIS 3 (HUACHO 2);1;J;39;120;12000,00;0,00;10800,00;12900,00;13800,00;0,00;0,00
OASIS 3 (HUACHO 2);1;J;40;120;12000,00;0,00;10800,00;12900,00;13800,00;0,00;0,00
OASIS 3 (HUACHO 2);1;J;41;120;12000,00;0,00;10800,00;12900,00;13800,00;0,00;0,00
OASIS 3 (HUACHO 2);1;J;42;120;12000,00;0,00;10800,00;12900,00;13800,00;0,00;0,00
OASIS 3 (HUACHO 2);1;J;43;120;12000,00;0,00;10800,00;12900,00;13800,00;0,00;0,00
OASIS 3 (HUACHO 2);1;J;44;120;14000,00;0,00;12600,00;15200,00;16400,00;0,00;0,00
OASIS 3 (HUACHO 2);1;B;1;120;14000,00;0,00;12600,00;15200,00;16400,00;0,00;0,00
OASIS 3 (HUACHO 2);1;B;2;120;14000,00;0,00;12600,00;15200,00;16400,00;0,00;0,00
OASIS 3 (HUACHO 2);1;B;3;120;14000,00;0,00;12600,00;15200,00;16400,00;0,00;0,00
OASIS 3 (HUACHO 2);1;B;4;120;14000,00;0,00;12600,00;15200,00;16400,00;0,00;0,00
OASIS 3 (HUACHO 2);1;B;5;120;14000,00;0,00;12600,00;15200,00;16400,00;0,00;0,00
OASIS 3 (HUACHO 2);1;B;6;120;14000,00;0,00;12600,00;15200,00;16400,00;0,00;0,00
OASIS 3 (HUACHO 2);1;B;7;120;14000,00;0,00;12600,00;15200,00;16400,00;0,00;0,00
OASIS 3 (HUACHO 2);1;B;8;120;14000,00;0,00;12600,00;15200,00;16400,00;0,00;0,00
OASIS 3 (HUACHO 2);1;B;9;120;14000,00;0,00;12600,00;15200,00;16400,00;0,00;0,00
OASIS 3 (HUACHO 2);1;B;10;120;14000,00;0,00;12600,00;15200,00;16400,00;0,00;0,00
OASIS 3 (HUACHO 2);1;B;11;120;14000,00;0,00;12600,00;15200,00;16400,00;0,00;0,00
OASIS 3 (HUACHO 2);1;B;12;120;14000,00;0,00;12600,00;15200,00;16400,00;0,00;0,00
OASIS 3 (HUACHO 2);1;B;13;120;18000,00;0,00;16200,00;19800,00;21600,00;0,00;0,00
OASIS 3 (HUACHO 2);1;B;14;120;16000,00;0,00;14400,00;17500,00;19000,00;0,00;0,00
OASIS 3 (HUACHO 2);1;B;15;120;16000,00;0,00;14400,00;17500,00;19000,00;0,00;0,00
OASIS 3 (HUACHO 2);1;B;16;120;16000,00;0,00;14400,00;17500,00;19000,00;0,00;0,00
OASIS 3 (HUACHO 2);1;B;17;120;16000,00;0,00;14400,00;17500,00;19000,00;0,00;0,00
OASIS 3 (HUACHO 2);1;B;18;120;18000,00;0,00;16200,00;19800,00;21600,00;0,00;0,00
OASIS 3 (HUACHO 2);1;B;19;120;14000,00;0,00;12600,00;15200,00;16400,00;0,00;0,00
OASIS 3 (HUACHO 2);1;B;20;120;14000,00;0,00;12600,00;15200,00;16400,00;0,00;0,00
OASIS 3 (HUACHO 2);1;B;21;120;14000,00;0,00;12600,00;15200,00;16400,00;0,00;0,00
OASIS 3 (HUACHO 2);1;B;22;120;14000,00;0,00;12600,00;15200,00;16400,00;0,00;0,00
OASIS 3 (HUACHO 2);1;B;23;120;14000,00;0,00;12600,00;15200,00;16400,00;0,00;0,00
OASIS 3 (HUACHO 2);1;B;24;120;14000,00;0,00;12600,00;15200,00;16400,00;0,00;0,00
OASIS 3 (HUACHO 2);1;C;1;120;16000,00;0,00;14400,00;17500,00;19000,00;0,00;0,00
OASIS 3 (HUACHO 2);1;C;2;120;14000,00;0,00;12600,00;15200,00;16400,00;0,00;0,00
OASIS 3 (HUACHO 2);1;C;3;120;14000,00;0,00;12600,00;15200,00;16400,00;0,00;0,00
OASIS 3 (HUACHO 2);1;C;4;120;14000,00;0,00;12600,00;15200,00;16400,00;0,00;0,00
OASIS 3 (HUACHO 2);1;C;5;120;16000,00;0,00;14400,00;17500,00;19000,00;0,00;0,00
OASIS 3 (HUACHO 2);1;C;6;120;14000,00;0,00;12600,00;15200,00;16400,00;0,00;0,00
OASIS 3 (HUACHO 2);1;C;7;120;14000,00;0,00;12600,00;15200,00;16400,00;0,00;0,00
OASIS 3 (HUACHO 2);1;C;8;120;14000,00;0,00;12600,00;15200,00;16400,00;0,00;0,00
OASIS 3 (HUACHO 2);1;C;9;120;14000,00;0,00;12600,00;15200,00;16400,00;0,00;0,00
OASIS 3 (HUACHO 2);1;C;10;120;14000,00;0,00;12600,00;15200,00;16400,00;0,00;0,00
OASIS 3 (HUACHO 2);1;C;11;120;14000,00;0,00;12600,00;15200,00;16400,00;0,00;0,00
OASIS 3 (HUACHO 2);1;C;12;120;14000,00;0,00;12600,00;15200,00;16400,00;0,00;0,00
OASIS 3 (HUACHO 2);1;C;13;120;14000,00;0,00;12600,00;15200,00;16400,00;0,00;0,00
OASIS 3 (HUACHO 2);1;C;14;120;16000,00;0,00;14400,00;17500,00;19000,00;0,00;0,00
OASIS 3 (HUACHO 2);1;C;15;120;16000,00;0,00;14400,00;17500,00;19000,00;0,00;0,00
OASIS 3 (HUACHO 2);1;C;16;120;14000,00;0,00;12600,00;15200,00;16400,00;0,00;0,00
OASIS 3 (HUACHO 2);1;C;17;120;14000,00;0,00;12600,00;15200,00;16400,00;0,00;0,00
OASIS 3 (HUACHO 2);1;C;18;120;14000,00;0,00;12600,00;15200,00;16400,00;0,00;0,00
OASIS 3 (HUACHO 2);1;C;19;120;14000,00;0,00;12600,00;15200,00;16400,00;0,00;0,00
OASIS 3 (HUACHO 2);1;C;20;120;14000,00;0,00;12600,00;15200,00;16400,00;0,00;0,00
OASIS 3 (HUACHO 2);1;C;21;120;14000,00;0,00;12600,00;15200,00;16400,00;0,00;0,00
OASIS 3 (HUACHO 2);1;C;22;120;14000,00;0,00;12600,00;15200,00;16400,00;0,00;0,00
OASIS 3 (HUACHO 2);1;C;23;120;14000,00;0,00;12600,00;15200,00;16400,00;0,00;0,00
OASIS 3 (HUACHO 2);1;D;1;120;16000,00;0,00;14400,00;17500,00;19000,00;0,00;0,00
OASIS 3 (HUACHO 2);1;D;2;120;14000,00;0,00;12600,00;15200,00;16400,00;0,00;0,00
OASIS 3 (HUACHO 2);1;D;3;120;14000,00;0,00;12600,00;15200,00;16400,00;0,00;0,00
OASIS 3 (HUACHO 2);1;D;4;120;14000,00;0,00;12600,00;15200,00;16400,00;0,00;0,00
OASIS 3 (HUACHO 2);1;D;5;120;14000,00;0,00;12600,00;15200,00;16400,00;0,00;0,00
OASIS 3 (HUACHO 2);1;D;6;120;14000,00;0,00;12600,00;15200,00;16400,00;0,00;0,00
OASIS 3 (HUACHO 2);1;D;7;120;16000,00;0,00;14400,00;17500,00;19000,00;0,00;0,00
OASIS 3 (HUACHO 2);1;D;8;120;16000,00;0,00;14400,00;17500,00;19000,00;0,00;0,00
OASIS 3 (HUACHO 2);1;D;9;120;14000,00;0,00;12600,00;15200,00;16400,00;0,00;0,00
OASIS 3 (HUACHO 2);1;D;10;120;14000,00;0,00;12600,00;15200,00;16400,00;0,00;0,00
OASIS 3 (HUACHO 2);1;D;11;120;14000,00;0,00;12600,00;15200,00;16400,00;0,00;0,00
OASIS 3 (HUACHO 2);1;D;12;120;14000,00;0,00;12600,00;15200,00;16400,00;0,00;0,00
OASIS 3 (HUACHO 2);1;D;13;120;14000,00;0,00;12600,00;15200,00;16400,00;0,00;0,00
OASIS 3 (HUACHO 2);1;D;14;120;14000,00;0,00;12600,00;15200,00;16400,00;0,00;0,00
OASIS 3 (HUACHO 2);1;E;1;120;16000,00;0,00;14400,00;17500,00;19000,00;0,00;0,00
OASIS 3 (HUACHO 2);1;E;2;120;14000,00;0,00;12600,00;15200,00;16400,00;0,00;0,00
OASIS 3 (HUACHO 2);1;E;3;120;14000,00;0,00;12600,00;15200,00;16400,00;0,00;0,00
OASIS 3 (HUACHO 2);1;E;4;120;14000,00;0,00;12600,00;15200,00;16400,00;0,00;0,00
OASIS 3 (HUACHO 2);1;E;5;120;14000,00;0,00;12600,00;15200,00;16400,00;0,00;0,00
OASIS 3 (HUACHO 2);1;E;6;120;14000,00;0,00;12600,00;15200,00;16400,00;0,00;0,00
OASIS 3 (HUACHO 2);1;E;7;120;14000,00;0,00;12600,00;15200,00;16400,00;0,00;0,00
OASIS 3 (HUACHO 2);1;E;8;120;14000,00;0,00;12600,00;15200,00;16400,00;0,00;0,00
OASIS 3 (HUACHO 2);1;E;9;120;14000,00;0,00;12600,00;15200,00;16400,00;0,00;0,00
OASIS 3 (HUACHO 2);1;E;10;120;14000,00;0,00;12600,00;15200,00;16400,00;0,00;0,00
OASIS 3 (HUACHO 2);1;E;11;120;16000,00;0,00;14400,00;17500,00;19000,00;0,00;0,00
OASIS 3 (HUACHO 2);1;E;12;120;16000,00;0,00;14400,00;17500,00;19000,00;0,00;0,00
OASIS 3 (HUACHO 2);1;E;13;120;14000,00;0,00;12600,00;15200,00;16400,00;0,00;0,00
OASIS 3 (HUACHO 2);1;E;14;120;14000,00;0,00;12600,00;15200,00;16400,00;0,00;0,00
OASIS 3 (HUACHO 2);1;E;15;120;14000,00;0,00;12600,00;15200,00;16400,00;0,00;0,00
OASIS 3 (HUACHO 2);1;E;16;120;14000,00;0,00;12600,00;15200,00;16400,00;0,00;0,00
OASIS 3 (HUACHO 2);1;E;17;120;14000,00;0,00;12600,00;15200,00;16400,00;0,00;0,00
OASIS 3 (HUACHO 2);1;E;18;120;14000,00;0,00;12600,00;15200,00;16400,00;0,00;0,00
OASIS 3 (HUACHO 2);1;E;19;120;14000,00;0,00;12600,00;15200,00;16400,00;0,00;0,00
OASIS 3 (HUACHO 2);1;E;20;120;14000,00;0,00;12600,00;15200,00;16400,00;0,00;0,00
OASIS 3 (HUACHO 2);1;E;21;120;14000,00;0,00;12600,00;15200,00;16400,00;0,00;0,00
OASIS 3 (HUACHO 2);1;E;22;120;16000,00;0,00;14400,00;17500,00;19000,00;0,00;0,00
OASIS 3 (HUACHO 2);1;F;1;120;23000,00;0,00;20700,00;25550,00;28100,00;0,00;0,00
OASIS 3 (HUACHO 2);1;F;2;120;16000,00;0,00;14400,00;17500,00;19000,00;0,00;0,00
OASIS 3 (HUACHO 2);1;F;3;120;16000,00;0,00;14400,00;17500,00;19000,00;0,00;0,00
OASIS 3 (HUACHO 2);1;F;4;120;16000,00;0,00;14400,00;17500,00;19000,00;0,00;0,00
OASIS 3 (HUACHO 2);1;F;5;120;16000,00;0,00;14400,00;17500,00;19000,00;0,00;0,00
OASIS 3 (HUACHO 2);1;F;6;120;23000,00;0,00;20700,00;25550,00;28100,00;0,00;0,00
OASIS 3 (HUACHO 2);1;F;7;120;14000,00;0,00;12600,00;15200,00;16400,00;0,00;0,00
OASIS 3 (HUACHO 2);1;F;8;120;14000,00;0,00;12600,00;15200,00;16400,00;0,00;0,00
OASIS 3 (HUACHO 2);1;F;9;120;14000,00;0,00;12600,00;15200,00;16400,00;0,00;0,00
OASIS 3 (HUACHO 2);1;F;10;120;14000,00;0,00;12600,00;15200,00;16400,00;0,00;0,00
OASIS 3 (HUACHO 2);1;F;11;120;14000,00;0,00;12600,00;15200,00;16400,00;0,00;0,00
OASIS 3 (HUACHO 2);1;F;12;120;14000,00;0,00;12600,00;15200,00;16400,00;0,00;0,00
OASIS 3 (HUACHO 2);1;F;13;160;23000,00;0,00;20700,00;25550,00;28100,00;0,00;0,00
OASIS 3 (HUACHO 2);1;F;14;120;16000,00;0,00;14400,00;17500,00;19000,00;0,00;0,00
OASIS 3 (HUACHO 2);1;F;15;120;16000,00;0,00;14400,00;17500,00;19000,00;0,00;0,00
OASIS 3 (HUACHO 2);1;F;16;120;16000,00;0,00;14400,00;17500,00;19000,00;0,00;0,00
OASIS 3 (HUACHO 2);1;F;17;120;16000,00;0,00;14400,00;17500,00;19000,00;0,00;0,00
OASIS 3 (HUACHO 2);1;F;18;160;23000,00;0,00;20700,00;25550,00;28100,00;0,00;0,00
OASIS 3 (HUACHO 2);1;F;19;120;14000,00;0,00;12600,00;15200,00;16400,00;0,00;0,00
OASIS 3 (HUACHO 2);1;F;20;120;14000,00;0,00;12600,00;15200,00;16400,00;0,00;0,00
OASIS 3 (HUACHO 2);1;F;21;120;14000,00;0,00;12600,00;15200,00;16400,00;0,00;0,00
OASIS 3 (HUACHO 2);1;F;22;120;14000,00;0,00;12600,00;15200,00;16400,00;0,00;0,00
OASIS 3 (HUACHO 2);1;F;23;120;14000,00;0,00;12600,00;15200,00;16400,00;0,00;0,00
OASIS 3 (HUACHO 2);1;F;24;120;14000,00;0,00;12600,00;15200,00;16400,00;0,00;0,00
OASIS 3 (HUACHO 2);1;G;1;160;23000,00;0,00;20700,00;25550,00;28100,00;0,00;0,00
OASIS 3 (HUACHO 2);1;G;2;120;16000,00;0,00;14400,00;17500,00;19000,00;0,00;0,00
OASIS 3 (HUACHO 2);1;G;3;120;16000,00;0,00;14400,00;17500,00;19000,00;0,00;0,00
OASIS 3 (HUACHO 2);1;G;4;120;16000,00;0,00;14400,00;17500,00;19000,00;0,00;0,00
OASIS 3 (HUACHO 2);1;G;5;120;16000,00;0,00;14400,00;17500,00;19000,00;0,00;0,00
OASIS 3 (HUACHO 2);1;G;6;160;23000,00;0,00;20700,00;25550,00;28100,00;0,00;0,00
OASIS 3 (HUACHO 2);1;G;7;120;14000,00;0,00;12600,00;15200,00;16400,00;0,00;0,00
OASIS 3 (HUACHO 2);1;G;8;120;16000,00;0,00;14400,00;17500,00;19000,00;0,00;0,00
OASIS 3 (HUACHO 2);1;G;9;120;16000,00;0,00;14400,00;17500,00;19000,00;0,00;0,00
OASIS 3 (HUACHO 2);1;G;10;120;14000,00;0,00;12600,00;15200,00;16400,00;0,00;0,00
OASIS 3 (HUACHO 2);1;G;11;120;14000,00;0,00;12600,00;15200,00;16400,00;0,00;0,00
OASIS 3 (HUACHO 2);1;G;12;120;14000,00;0,00;12600,00;15200,00;16400,00;0,00;0,00
OASIS 3 (HUACHO 2);1;G;13;160;23000,00;0,00;20700,00;25550,00;28100,00;0,00;0,00
OASIS 3 (HUACHO 2);1;G;14;120;16000,00;0,00;14400,00;17500,00;19000,00;0,00;0,00
OASIS 3 (HUACHO 2);1;G;15;120;16000,00;0,00;14400,00;17500,00;19000,00;0,00;0,00
OASIS 3 (HUACHO 2);1;G;16;120;16000,00;0,00;14400,00;17500,00;19000,00;0,00;0,00
OASIS 3 (HUACHO 2);1;G;17;120;16000,00;0,00;14400,00;17500,00;19000,00;0,00;0,00
OASIS 3 (HUACHO 2);1;G;18;160;21000,00;0,00;19700,00;23500,00;26100,00;0,00;0,00
OASIS 3 (HUACHO 2);1;H;1;170;22000,00;0,00;19400,00;24000,00;26000,00;0,00;0,00
OASIS 3 (HUACHO 2);1;H;2;120;16000,00;0,00;14400,00;17500,00;19000,00;0,00;0,00
OASIS 3 (HUACHO 2);1;H;3;120;16000,00;0,00;14400,00;17500,00;19000,00;0,00;0,00
OASIS 3 (HUACHO 2);1;H;4;120;16000,00;0,00;14400,00;17500,00;19000,00;0,00;0,00
OASIS 3 (HUACHO 2);1;H;5;120;16000,00;0,00;14400,00;17500,00;19000,00;0,00;0,00
OASIS 3 (HUACHO 2);1;H;6;120;18000,00;0,00;16200,00;19800,00;21600,00;0,00;0,00
OASIS 3 (HUACHO 2);1;H;7;120;14000,00;0,00;12600,00;15200,00;16400,00;0,00;0,00
OASIS 3 (HUACHO 2);1;H;8;160;23000,00;0,00;20700,00;25550,00;28100,00;0,00;0,00
OASIS 3 (HUACHO 2);1;H;9;120;14000,00;0,00;12600,00;15200,00;16400,00;0,00;0,00
OASIS 3 (HUACHO 2);1;H;10;120;14000,00;0,00;12600,00;15200,00;16400,00;0,00;0,00
OASIS 3 (HUACHO 2);1;H;11;120;14000,00;0,00;12600,00;15200,00;16400,00;0,00;0,00
OASIS 3 (HUACHO 2);1;H;12;120;23000,00;0,00;20700,00;25550,00;28100,00;0,00;0,00
OASIS 3 (HUACHO 2);1;H;13;160;16000,00;0,00;14400,00;17500,00;19000,00;0,00;0,00
OASIS 3 (HUACHO 2);1;H;14;120;16000,00;0,00;14400,00;17500,00;19000,00;0,00;0,00
OASIS 3 (HUACHO 2);1;H;15;120;14000,00;0,00;12600,00;15200,00;16400,00;0,00;0,00
OASIS 3 (HUACHO 2);1;H;16;120;14000,00;0,00;12600,00;15200,00;16400,00;0,00;0,00
OASIS 3 (HUACHO 2);1;H;17;120;14000,00;0,00;12600,00;15200,00;16400,00;0,00;0,00
OASIS 3 (HUACHO 2);1;H;18;120;14000,00;0,00;12600,00;15200,00;16400,00;0,00;0,00
OASIS 3 (HUACHO 2);1;H;19;120;14000,00;0,00;12600,00;15200,00;16400,00;0,00;0,00
OASIS 3 (HUACHO 2);1;H;20;170;22000,00;0,00;19400,00;24000,00;26000,00;0,00;0,00
OASIS 3 (HUACHO 2);1;I;1;184;27750,00;0,00;24975,00;31013,00;34275,00;0,00;0,00
OASIS 3 (HUACHO 2);1;I;2;120;14000,00;0,00;12600,00;15200,00;16400,00;0,00;0,00
OASIS 3 (HUACHO 2);1;I;3;120;14000,00;0,00;12600,00;15200,00;16400,00;0,00;0,00
OASIS 3 (HUACHO 2);1;I;4;120;14000,00;0,00;12600,00;15200,00;16400,00;0,00;0,00
OASIS 3 (HUACHO 2);1;I;5;120;14000,00;0,00;12600,00;15200,00;16400,00;0,00;0,00
OASIS 3 (HUACHO 2);1;I;6;120;14000,00;0,00;12600,00;15200,00;16400,00;0,00;0,00
OASIS 3 (HUACHO 2);1;I;7;120;14000,00;0,00;12600,00;15200,00;16400,00;0,00;0,00
OASIS 3 (HUACHO 2);1;I;8;120;16000,00;0,00;14400,00;17500,00;19000,00;0,00;0,00
OASIS 3 (HUACHO 2);1;A;1;120;16000,00;0,00;14400,00;17500,00;19000,00;0,00;0,00
OASIS 3 (HUACHO 2);1;A;2;120;14000,00;0,00;12600,00;15200,00;16400,00;0,00;0,00
OASIS 3 (HUACHO 2);1;A;3;120;14000,00;0,00;12600,00;15200,00;16400,00;0,00;0,00
OASIS 3 (HUACHO 2);1;A;4;120;14000,00;0,00;12600,00;15200,00;16400,00;0,00;0,00
OASIS 3 (HUACHO 2);1;A;5;120;16000,00;0,00;14400,00;17500,00;19000,00;0,00;0,00
